ProductID,Date,Price,Discount_Status,Volatility_Score,Explanation
00c252ee9259c6d6257c87a6ac865313,2025-12-17,2558.2,Genuine Discount,274.23804553016316,GENUINE: The price is 19.7% lower than the 90-day average. Price history shows low recent volatility and no pre-sale inflation spike.
01a9353b9d20f72b12844dae15a8d77a,2025-12-17,995.65,Genuine Discount,92.03095868475936,GENUINE: The price is 25.6% lower than the 90-day average. Price history shows low recent volatility and no pre-sale inflation spike.
01d05970b33f87076292f476bf210625,2025-12-17,1217.95,Genuine Discount,310.2967856155352,GENUINE: The price is 40.1% lower than the 90-day average. Price history shows low recent volatility and no pre-sale inflation spike.
029565fee2f177b15e2cb9b7388a6a24,2025-12-17,1270.36,Genuine Discount,101.70861134271766,GENUINE: The price is 15.1% lower than the 90-day average. Price history shows low recent volatility and no pre-sale inflation spike.
0305111c779fe663bd94122bef0f0002,2025-12-17,456.43,Genuine Discount,131.5329766619037,GENUINE: The price is 44.0% lower than the 90-day average. Price history shows low recent volatility and no pre-sale inflation spike.
038459e2a0372ee61a11401f4cc51bf2,2025-12-17,701.0,Genuine Discount,198.93185773456568,GENUINE: The price is 44.2% lower than the 90-day average. Price history shows low recent volatility and no pre-sale inflation spike.
04076658738e8bfcec3d46294abf1a67,2025-12-17,17424.67,Genuine Discount,197.62462037624982,GENUINE: The price is 3.5% lower than the 90-day average. Price history shows low recent volatility and no pre-sale inflation spike.
05324708277dbf2f3e8b55a660e91988,2025-12-17,592.97,Genuine Discount,62.38248264288349,GENUINE: The price is 19.8% lower than the 90-day average. Price history shows low recent volatility and no pre-sale inflation spike.
0686fec9b70e5039583a38119ca0c835,2025-12-17,272.93,Suspicious Discount,40.646262052625694,SUSPICIOUS: Anomaly score (-0.01) is low. The current price is an outlier compared to the product's history.
0692381f01171e637f248c933550e478,2025-12-17,1551.14,Genuine Discount,350.2753438319121,GENUINE: The price is 46.2% lower than the 90-day average. Price history shows low recent volatility and no pre-sale inflation spike.
06ad8323cf9105f1aaae6515cf08a7d6,2025-12-17,445.85,Suspicious Discount,81.51593406679204,SUSPICIOUS: Anomaly score (-0.00) is low. The current price is an outlier compared to the product's history.
06c75f30f1b28273c4d3b0df8f2e8eb8,2025-12-17,1115.17,Genuine Discount,328.5621966909331,GENUINE: The price is 44.3% lower than the 90-day average. Price history shows low recent volatility and no pre-sale inflation spike.
07274030edc7695ac6b35c0bb75b29ab,2025-12-17,1961.54,Genuine Discount,60.12954337745332,GENUINE: The price is 10.4% lower than the 90-day average. Price history shows low recent volatility and no pre-sale inflation spike.
077967ce96ae71fb71a684020f58bc59,2025-12-17,2995.31,Genuine Discount,12.13075899019402,GENUINE: The price is -0.0% lower than the 90-day average. Price history shows low recent volatility and no pre-sale inflation spike.
08452abdadb3db1e686b94a9c52fc7b6,2025-12-17,201630.14,Genuine Discount,905.9326408635394,GENUINE: The price is -0.3% lower than the 90-day average. Price history shows low recent volatility and no pre-sale inflation spike.
08b765e7ec8b5e5e49b3b3ab10537daa,2025-12-17,1502.58,Genuine Discount,313.9357893020638,GENUINE: The price is 35.6% lower than the 90-day average. Price history shows low recent volatility and no pre-sale inflation spike.
08cb8617f5aacbe98024867f509f6bbc,2025-12-17,232.76,Genuine Discount,3.6293687903125003,GENUINE: The price is 4.5% lower than the 90-day average. Price history shows low recent volatility and no pre-sale inflation spike.
0973b37acd0c664e3de26e97e5571454,2025-12-17,268.48,Suspicious Discount,122.40799160720542,SUSPICIOUS: Anomaly score (-0.02) is low. The current price is an outlier compared to the product's history.
0a98a4246a81a182d635ca36ccc81c9d,2025-12-17,720.86,Genuine Discount,4.1259495737413925,GENUINE: The price is -1.5% lower than the 90-day average. Price history shows low recent volatility and no pre-sale inflation spike.
0aa9c84298f0b956cb879d87ff728bf8,2025-12-17,396.66,Suspicious Discount,126.71414001285112,SUSPICIOUS: Anomaly score (-0.04) is low. The current price is an outlier compared to the product's history.
0b350e8d5379eb859980883a9192c1c9,2025-12-17,369.97,Suspicious Discount,169.0111378935417,SUSPICIOUS: Anomaly score (-0.02) is low. The current price is an outlier compared to the product's history.
0c7a6176e932cc20399a890433186ab5,2025-12-17,1202.38,Genuine Discount,39.778718482851374,GENUINE: The price is 10.7% lower than the 90-day average. Price history shows low recent volatility and no pre-sale inflation spike.
0d527d4bfb1cd3fbc259569256a9f9bc,2025-12-17,8608.23,Suspicious Discount,2188.3686317381084,SUSPICIOUS: Anomaly score (-0.07) is low. The current price is an outlier compared to the product's history.
0dbdae68e92e74fd83bf5f3ad5f247c6,2025-12-17,3608.5,Genuine Discount,440.9307314365697,GENUINE: The price is 31.0% lower than the 90-day average. Price history shows low recent volatility and no pre-sale inflation spike.
0ddebfa97cb83ee0c86f108641ef5189,2025-12-17,396.09,Suspicious Discount,73.69573700688964,SUSPICIOUS: Anomaly score (-0.01) is low. The current price is an outlier compared to the product's history.
0e97b487f7bbe29daa0a95860e237998,2025-12-17,757.03,Genuine Discount,134.44317984523232,GENUINE: The price is 39.7% lower than the 90-day average. Price history shows low recent volatility and no pre-sale inflation spike.
0ee21bed347d127ea1390ea790b6d7ae,2025-12-17,488.62,Suspicious Discount,443.8698089237688,SUSPICIOUS: Anomaly score (-0.11) is low. The current price is an outlier compared to the product's history.
0f72f9bbcc8af5a61a77807ac3a7da00,2025-12-17,980.73,Genuine Discount,221.34610260285876,GENUINE: The price is 45.7% lower than the 90-day average. Price history shows low recent volatility and no pre-sale inflation spike.
106046a1457d7a7f380dd3fe2cd75c33,2025-12-17,27059.71,Suspicious Discount,3905.705409056578,SUSPICIOUS: Anomaly score (-0.13) is low. The current price is an outlier compared to the product's history.
1120bc768623572513df956172ffefeb,2025-12-17,1829.19,Genuine Discount,20.117582279730694,GENUINE: The price is 3.5% lower than the 90-day average. Price history shows low recent volatility and no pre-sale inflation spike.
1152067424d4a5a6f562e62692452da0,2025-12-17,896.22,Genuine Discount,361.2464446381188,GENUINE: The price is 54.6% lower than the 90-day average. Price history shows low recent volatility and no pre-sale inflation spike.
11c0099e325b67f908e75803bb6b9135,2025-12-17,597.22,Genuine Discount,107.71218892807893,GENUINE: The price is 40.4% lower than the 90-day average. Price history shows low recent volatility and no pre-sale inflation spike.
11d524b2d4c0597d8a5a82a562679c8a,2025-12-17,294.96,Suspicious Discount,127.82591105668862,SUSPICIOUS: Anomaly score (-0.09) is low. The current price is an outlier compared to the product's history.
126a2b4e185c2f7a4908f628c8cb8472,2025-12-17,37329.9,Suspicious Discount,4009.4536456904953,SUSPICIOUS: Anomaly score (-0.13) is low. The current price is an outlier compared to the product's history.
127e27ece6938f442d67f1b3ee13ccf2,2025-12-17,805.56,Genuine Discount,3.7925786726851825,GENUINE: The price is -0.8% lower than the 90-day average. Price history shows low recent volatility and no pre-sale inflation spike.
130433c076c1348ca4dc1d32f941020e,2025-12-17,801.3,Genuine Discount,3.4125027219897905,GENUINE: The price is -0.2% lower than the 90-day average. Price history shows low recent volatility and no pre-sale inflation spike.
130a50a99e78426459f0d909b0bc0f07,2025-12-17,896.17,Genuine Discount,54.035834963749515,GENUINE: The price is 18.7% lower than the 90-day average. Price history shows low recent volatility and no pre-sale inflation spike.
135524f18e0ac6e3d008fa81b1576dfa,2025-12-17,1002.69,Genuine Discount,4.237845039015976,GENUINE: The price is -0.4% lower than the 90-day average. Price history shows low recent volatility and no pre-sale inflation spike.
137f121c9d6bc7a57276601492659060,2025-12-17,592.21,Suspicious Discount,345.39272025486736,SUSPICIOUS: Anomaly score (-0.11) is low. The current price is an outlier compared to the product's history.
154968876a45c0e99d35b5d57290d0b3,2025-12-17,595.73,Genuine Discount,222.1794558534457,GENUINE: The price is 51.8% lower than the 90-day average. Price history shows low recent volatility and no pre-sale inflation spike.
15814b5b2ba4b6ff16ef8d3692e5821c,2025-12-17,1007.83,Genuine Discount,125.85123951504893,GENUINE: The price is 31.9% lower than the 90-day average. Price history shows low recent volatility and no pre-sale inflation spike.
15848e0fa49ab6eabda6d965aedb4f6c,2025-12-17,1982.52,Genuine Discount,627.787755819422,GENUINE: The price is 46.0% lower than the 90-day average. Price history shows low recent volatility and no pre-sale inflation spike.
15f03b13b010db0a355ae094fddc9e86,2025-12-17,724.45,Suspicious Discount,199.7995660497849,SUSPICIOUS: Anomaly score (-0.01) is low. The current price is an outlier compared to the product's history.
16655211772e017f8e207c24b8340214,2025-12-17,429.69,Suspicious Discount,222.1275739801366,SUSPICIOUS: Anomaly score (-0.02) is low. The current price is an outlier compared to the product's history.
169902631b89202f0e2079e9cc09b3c7,2025-12-17,442.21,Suspicious Discount,82.815641274189,SUSPICIOUS: Anomaly score (-0.00) is low. The current price is an outlier compared to the product's history.
16c2a51f0221e07bf1c3fc6b9e8e9f91,2025-12-17,2010.13,Genuine Discount,92.62181774267135,GENUINE: The price is 14.0% lower than the 90-day average. Price history shows low recent volatility and no pre-sale inflation spike.
16e51ebfe30d03f9d1563e0fbc0af062,2025-12-17,899.1,Suspicious Discount,292.2667897744176,SUSPICIOUS: Anomaly score (-0.02) is low. The current price is an outlier compared to the product's history.
171e0bcea390c17fd70e3ffa6c2cd187,2025-12-17,313.55,Suspicious Discount,71.10376264758116,SUSPICIOUS: Anomaly score (-0.02) is low. The current price is an outlier compared to the product's history.
186d40c6852da91166c7eb7856603c51,2025-12-17,578.3,Genuine Discount,95.76723685433066,GENUINE: The price is 27.5% lower than the 90-day average. Price history shows low recent volatility and no pre-sale inflation spike.
189fa66a5fa6f08d2802a62ecf0be298,2025-12-17,1700.34,Genuine Discount,87.49574021092452,GENUINE: The price is 8.0% lower than the 90-day average. Price history shows low recent volatility and no pre-sale inflation spike.
198d1c5f878b00791bea5b3adf00ccc0,2025-12-17,345.84,Suspicious Discount,119.11851713179749,SUSPICIOUS: Anomaly score (-0.05) is low. The current price is an outlier compared to the product's history.
1a1c31d7d73fe0e0090bf07fe5a3f4e8,2025-12-17,835.71,Suspicious Discount,393.15380689828214,SUSPICIOUS: Anomaly score (-0.09) is low. The current price is an outlier compared to the product's history.
1b2c6d2ef16b8b391aa0221ebd673ce3,2025-12-17,378.24,Suspicious Discount,425.98425218261946,SUSPICIOUS: Anomaly score (-0.13) is low. The current price is an outlier compared to the product's history.
1cbd0a513268feade315cb09bdfb66e4,2025-12-17,526.89,Suspicious Discount,187.5162379865258,SUSPICIOUS: Anomaly score (-0.04) is low. The current price is an outlier compared to the product's history.
1e612e880fe7119f93caf9a1c5ffb6b4,2025-12-17,1141.6,Genuine Discount,361.85975695823106,GENUINE: The price is 48.2% lower than the 90-day average. Price history shows low recent volatility and no pre-sale inflation spike.
1e8741b5ae27a513546c94b3f3312aee,2025-12-17,404.12,Suspicious Discount,146.54519502784078,SUSPICIOUS: Anomaly score (-0.05) is low. The current price is an outlier compared to the product's history.
1ed3a04918640144f3c7b91edc15b493,2025-12-17,1810.25,Genuine Discount,178.25049077812682,GENUINE: The price is 27.0% lower than the 90-day average. Price history shows low recent volatility and no pre-sale inflation spike.
1eff9a937b854be00b2b4ff2ffced76c,2025-12-17,2618.54,Genuine Discount,363.0697018549665,GENUINE: The price is 24.3% lower than the 90-day average. Price history shows low recent volatility and no pre-sale inflation spike.
20cf08ae845d5fd8f2b8cf52b3b9d840,2025-12-17,190.34,Genuine Discount,1.0179117681881953,GENUINE: The price is -0.1% lower than the 90-day average. Price history shows low recent volatility and no pre-sale inflation spike.
22bb7e0420985bcca1f32560a4b52cf9,2025-12-17,712.88,Genuine Discount,257.108300863645,GENUINE: The price is 49.9% lower than the 90-day average. Price history shows low recent volatility and no pre-sale inflation spike.
22f01c289c956a7d29b15ea99d199963,2025-12-17,1038.16,Genuine Discount,45.38068512120343,GENUINE: The price is 14.6% lower than the 90-day average. Price history shows low recent volatility and no pre-sale inflation spike.
2385354f771d9e50ab86ec2425a3873b,2025-12-17,2030.69,Genuine Discount,387.5110569006453,GENUINE: The price is 42.0% lower than the 90-day average. Price history shows low recent volatility and no pre-sale inflation spike.
2515bfc0dec128d2cb28f4ef746a8a25,2025-12-17,805.86,Genuine Discount,149.71040587456423,GENUINE: The price is 41.3% lower than the 90-day average. Price history shows low recent volatility and no pre-sale inflation spike.
26b77888c8408c60006d1b3ff331b5ad,2025-12-17,20795.99,Suspicious Discount,3804.2479748855553,SUSPICIOUS: Anomaly score (-0.13) is low. The current price is an outlier compared to the product's history.
26fc529ea4d74e57f4a9c7318d72c72a,2025-12-17,20439.46,Suspicious Discount,3797.9353337380016,SUSPICIOUS: Anomaly score (-0.13) is low. The current price is an outlier compared to the product's history.
290c21c415224071316eaa63dc0ebd49,2025-12-17,900.87,Genuine Discount,20.077006817718562,GENUINE: The price is 6.8% lower than the 90-day average. Price history shows low recent volatility and no pre-sale inflation spike.
29146dc253f1b65d63f14f84c7afa6c5,2025-12-17,237.48,Genuine Discount,74.32022986923296,GENUINE: The price is 45.9% lower than the 90-day average. Price history shows low recent volatility and no pre-sale inflation spike.
293435cc5cec8d132b79e2828fa68a58,2025-12-17,1798.73,Genuine Discount,264.65240278849956,GENUINE: The price is 35.4% lower than the 90-day average. Price history shows low recent volatility and no pre-sale inflation spike.
29aeefacacff351b64846880150d6224,2025-12-17,621.23,Genuine Discount,111.98293037051974,GENUINE: The price is 39.9% lower than the 90-day average. Price history shows low recent volatility and no pre-sale inflation spike.
29b1ca231e10d5269516b80bf9d0dffc,2025-12-17,615.27,Genuine Discount,265.6891760826366,GENUINE: The price is 53.8% lower than the 90-day average. Price history shows low recent volatility and no pre-sale inflation spike.
29c8d290caa451f97b1c32df64477a2c,2025-12-17,348.63,Genuine Discount,107.43649819483232,GENUINE: The price is 45.5% lower than the 90-day average. Price history shows low recent volatility and no pre-sale inflation spike.
29cdf5689181b2f86f2c480db525a263,2025-12-17,6401.03,Genuine Discount,337.74803457912986,GENUINE: The price is 8.1% lower than the 90-day average. Price history shows low recent volatility and no pre-sale inflation spike.
29d1c93facf075f0baae561a275cd75a,2025-12-17,879.25,Suspicious Discount,503.62120055310965,SUSPICIOUS: Anomaly score (-0.05) is low. The current price is an outlier compared to the product's history.
2a342edc6ce89cb5c6892be8c78c1af1,2025-12-17,444.39,Genuine Discount,186.01933771711293,GENUINE: The price is 53.2% lower than the 90-day average. Price history shows low recent volatility and no pre-sale inflation spike.
2ad80021d1c17fbfc75984f47ed2b5a7,2025-12-17,1406.0,Genuine Discount,109.10963201210578,GENUINE: The price is 22.1% lower than the 90-day average. Price history shows low recent volatility and no pre-sale inflation spike.
2b480f41409d22cb3ba9f71a0242cf1a,2025-12-17,1215.57,Suspicious Discount,413.3771492936763,SUSPICIOUS: Anomaly score (-0.03) is low. The current price is an outlier compared to the product's history.
2c12677bc5bda5cabd17dc5a4e8eec07,2025-12-17,1188.38,Genuine Discount,92.91633084935232,GENUINE: The price is 22.6% lower than the 90-day average. Price history shows low recent volatility and no pre-sale inflation spike.
2c96ec1b2c02e4c29bb61d03668478a6,2025-12-17,388.57,Genuine Discount,127.59288332584008,GENUINE: The price is 47.2% lower than the 90-day average. Price history shows low recent volatility and no pre-sale inflation spike.
2d267f737c2065a56a3f9941316247bd,2025-12-17,2419.38,Genuine Discount,448.25971844751115,GENUINE: The price is 30.6% lower than the 90-day average. Price history shows low recent volatility and no pre-sale inflation spike.
2d89c80253d471781b7926f8107e7078,2025-12-17,1791.53,Genuine Discount,179.70983847723085,GENUINE: The price is 27.6% lower than the 90-day average. Price history shows low recent volatility and no pre-sale inflation spike.
2f1e410832e4e010fa18923c3d4ec588,2025-12-17,602.48,Genuine Discount,166.06698492046667,GENUINE: The price is 43.8% lower than the 90-day average. Price history shows low recent volatility and no pre-sale inflation spike.
2f532e42187b928473c00f0c69a6a17a,2025-12-17,990.71,Genuine Discount,366.74734567107583,GENUINE: The price is 53.6% lower than the 90-day average. Price history shows low recent volatility and no pre-sale inflation spike.
31be3ce005eb1bb40002737dc7fb0643,2025-12-17,891.52,Suspicious Discount,255.6850023474271,SUSPICIOUS: Anomaly score (-0.00) is low. The current price is an outlier compared to the product's history.
324784fa627563faa36c98062dd5eb02,2025-12-17,1493.56,Genuine Discount,91.80041399813206,GENUINE: The price is 18.8% lower than the 90-day average. Price history shows low recent volatility and no pre-sale inflation spike.
324f32c19cf1fab802126f11ea1de785,2025-12-17,306.88,Suspicious Discount,127.82776622804187,SUSPICIOUS: Anomaly score (-0.08) is low. The current price is an outlier compared to the product's history.
325c294de01be7e172feb49dc89189be,2025-12-17,868.79,Genuine Discount,260.85436775550505,GENUINE: The price is 45.3% lower than the 90-day average. Price history shows low recent volatility and no pre-sale inflation spike.
329c5f4d7aced63e1ce3e88f41d5e7e6,2025-12-17,570118.57,Suspicious Discount,2880.7473616619914,SUSPICIOUS: Anomaly score (-0.08) is low. The current price is an outlier compared to the product's history.
33d97d63c037078cd3f08033966d6a88,2025-12-17,248.83,Genuine Discount,35.128907389324795,GENUINE: The price is 26.3% lower than the 90-day average. Price history shows low recent volatility and no pre-sale inflation spike.
3562b922f66f3d5f650974435293e8a6,2025-12-17,496.15,Genuine Discount,186.5265791235687,GENUINE: The price is 50.1% lower than the 90-day average. Price history shows low recent volatility and no pre-sale inflation spike.
35eab2a05e269441bdcaf6a3bad1b546,2025-12-17,2550.41,Genuine Discount,118.43542489282213,GENUINE: The price is 14.7% lower than the 90-day average. Price history shows low recent volatility and no pre-sale inflation spike.
368d081ac9efc6d56255fb88cfe185ca,2025-12-17,42129.99,Suspicious Discount,1474.7039030269543,SUSPICIOUS: Anomaly score (-0.05) is low. The current price is an outlier compared to the product's history.
36b84f61c91a47822d6863963aad5812,2025-12-17,1624.26,Genuine Discount,197.228485417875,GENUINE: The price is 30.9% lower than the 90-day average. Price history shows low recent volatility and no pre-sale inflation spike.
370b76dcd0ef56452d49b818189d453e,2025-12-17,698.47,Suspicious Discount,375.3432689520323,SUSPICIOUS: Anomaly score (-0.10) is low. The current price is an outlier compared to the product's history.
377acf980df19ffec9fceb3374045aef,2025-12-17,1289.05,Genuine Discount,139.93159556660254,GENUINE: The price is 16.7% lower than the 90-day average. Price history shows low recent volatility and no pre-sale inflation spike.
37d02e85eecd26fd35d72383f237c393,2025-12-17,1231.02,Genuine Discount,226.12350715062837,GENUINE: The price is 41.2% lower than the 90-day average. Price history shows low recent volatility and no pre-sale inflation spike.
38122f3361aa04dcbc7b7aea2d0d7aee,2025-12-17,794.91,Suspicious Discount,282.3863849938317,SUSPICIOUS: Anomaly score (-0.03) is low. The current price is an outlier compared to the product's history.
38cc9b40b62bef29b49e3c6b501b9dba,2025-12-17,490.01,Suspicious Discount,91.76363909648376,SUSPICIOUS: Anomaly score (-0.00) is low. The current price is an outlier compared to the product's history.
38f76561c1a98d104bc1a84879a8ff47,2025-12-17,4495.73,Genuine Discount,20.41532773277885,GENUINE: The price is -0.0% lower than the 90-day average. Price history shows low recent volatility and no pre-sale inflation spike.
3a9689400032bf48b5487b9a878b90e7,2025-12-17,994.13,Genuine Discount,183.1490500714452,GENUINE: The price is 40.7% lower than the 90-day average. Price history shows low recent volatility and no pre-sale inflation spike.
3adf968486ce470227c52778fc7a7991,2025-12-17,396.38,Suspicious Discount,48.04572197397416,SUSPICIOUS: Anomaly score (-0.01) is low. The current price is an outlier compared to the product's history.
3b53afd15e056d3ef13be8bbc90a35c9,2025-12-17,902.51,Genuine Discount,376.21196669022794,GENUINE: The price is 54.8% lower than the 90-day average. Price history shows low recent volatility and no pre-sale inflation spike.
3c74db45cbfc14a78b8466dca494b3bb,2025-12-17,7496.95,Genuine Discount,272.8263887110951,GENUINE: The price is 12.0% lower than the 90-day average. Price history shows low recent volatility and no pre-sale inflation spike.
3d47967be194f6fe89814a62b0ef72f5,2025-12-17,29456.49,Genuine Discount,118.83315053797543,GENUINE: The price is -0.5% lower than the 90-day average. Price history shows low recent volatility and no pre-sale inflation spike.
3dd037467871ed745e011096149c9fc6,2025-12-17,2392.72,Genuine Discount,118.86804694436461,GENUINE: The price is 7.3% lower than the 90-day average. Price history shows low recent volatility and no pre-sale inflation spike.
3e8b8d026d02a3979ed49fb219862a18,2025-12-17,2236.43,Genuine Discount,100.0287378500018,GENUINE: The price is 14.6% lower than the 90-day average. Price history shows low recent volatility and no pre-sale inflation spike.
3ecb859759e5311cbab6850e98879522,2025-12-17,452.66,Suspicious Discount,82.2747975468776,SUSPICIOUS: Anomaly score (-0.00) is low. The current price is an outlier compared to the product's history.
3ffcf4706979d2f33eef3760e8c9bbd8,2025-12-17,300.57,Suspicious Discount,181.29880108934435,SUSPICIOUS: Anomaly score (-0.11) is low. The current price is an outlier compared to the product's history.
4044c0ac52c1ee4b28777417651faf42,2025-12-17,478.32,Suspicious Discount,132.33377589417566,SUSPICIOUS: Anomaly score (-0.02) is low. The current price is an outlier compared to the product's history.
4087e8f2c0aefe09457ec6eff0fc564a,2025-12-17,727.87,Suspicious Discount,562.2006048984292,SUSPICIOUS: Anomaly score (-0.10) is low. The current price is an outlier compared to the product's history.
4131687c6dd5e3689c56e604e2992027,2025-12-17,559.14,Suspicious Discount,146.23636088086755,SUSPICIOUS: Anomaly score (-0.00) is low. The current price is an outlier compared to the product's history.
41384da51732c0b4df3de8f395714fbb,2025-12-17,5031.45,Genuine Discount,98.21113659489313,GENUINE: The price is 5.6% lower than the 90-day average. Price history shows low recent volatility and no pre-sale inflation spike.
4196784976356eafc3316b7d51c6eaab,2025-12-17,971.67,Genuine Discount,375.90520831429427,GENUINE: The price is 51.2% lower than the 90-day average. Price history shows low recent volatility and no pre-sale inflation spike.
41aa2d73a19f0c3438b3c77134696830,2025-12-17,2243.51,Genuine Discount,45.947036126933746,GENUINE: The price is 7.2% lower than the 90-day average. Price history shows low recent volatility and no pre-sale inflation spike.
423ec6b3b699983c31faa16a39fcb60e,2025-12-17,1083.87,Genuine Discount,197.5325848446372,GENUINE: The price is 41.2% lower than the 90-day average. Price history shows low recent volatility and no pre-sale inflation spike.
428d763c788057ec85b9f9c8b99a7a28,2025-12-17,1610.8,Genuine Discount,129.2438144970525,GENUINE: The price is 22.2% lower than the 90-day average. Price history shows low recent volatility and no pre-sale inflation spike.
4527bbaf1bec166066c5ca90e4992655,2025-12-17,1786.96,Genuine Discount,313.21871035331253,GENUINE: The price is 39.3% lower than the 90-day average. Price history shows low recent volatility and no pre-sale inflation spike.
4555d3b8f1d41b0d55365e7daa171f5b,2025-12-17,796.02,Genuine Discount,3.4506168197560467,GENUINE: The price is -0.2% lower than the 90-day average. Price history shows low recent volatility and no pre-sale inflation spike.
45df3406c4f1301e479c58716c912841,2025-12-17,2027.68,Suspicious Discount,545.2402011482395,SUSPICIOUS: Anomaly score (-0.00) is low. The current price is an outlier compared to the product's history.
45ec8cf2bd446146b8ae743e7803ab8f,2025-12-17,1672.61,Genuine Discount,646.7590125954299,GENUINE: The price is 52.6% lower than the 90-day average. Price history shows low recent volatility and no pre-sale inflation spike.
4620e6de2e02c35d401247a94825710b,2025-12-17,596.58,Genuine Discount,238.3126489571821,GENUINE: The price is 54.2% lower than the 90-day average. Price history shows low recent volatility and no pre-sale inflation spike.
465662da5f4b41c475d51684084f59c7,2025-12-17,1559.85,Genuine Discount,565.5942487550842,GENUINE: The price is 50.5% lower than the 90-day average. Price history shows low recent volatility and no pre-sale inflation spike.
46f622a6688caa767a3f6cceb9fa8aef,2025-12-17,344.38,Suspicious Discount,117.44574538126615,SUSPICIOUS: Anomaly score (-0.05) is low. The current price is an outlier compared to the product's history.
4788f5466992da09024b8ffcc8a5cba4,2025-12-17,997.6,Genuine Discount,161.36618655616678,GENUINE: The price is 29.9% lower than the 90-day average. Price history shows low recent volatility and no pre-sale inflation spike.
47b08bfc60cb74872ac29ccb93b64ca7,2025-12-17,496.76,Suspicious Discount,100.94981097146177,SUSPICIOUS: Anomaly score (-0.00) is low. The current price is an outlier compared to the product's history.
47e019502ff3bd0fcac96d71c953bb2c,2025-12-17,297.66,Genuine Discount,42.461195639929,GENUINE: The price is 24.9% lower than the 90-day average. Price history shows low recent volatility and no pre-sale inflation spike.
4889f91f48c3e1260a8fb3b3b83fe6f2,2025-12-17,381.7,Suspicious Discount,159.21765483751267,SUSPICIOUS: Anomaly score (-0.07) is low. The current price is an outlier compared to the product's history.
4a64690816ae10828372e143bd6f0bcb,2025-12-17,1294.23,Genuine Discount,275.8697168952909,GENUINE: The price is 44.2% lower than the 90-day average. Price history shows low recent volatility and no pre-sale inflation spike.
4a9bbd6df73c3d2da798aaeb314ffa27,2025-12-17,401.86,Suspicious Discount,109.34782944673772,SUSPICIOUS: Anomaly score (-0.02) is low. The current price is an outlier compared to the product's history.
4aa047f14885c74f155ce5f973e14dff,2025-12-17,909.74,Genuine Discount,248.98003140260275,GENUINE: The price is 43.6% lower than the 90-day average. Price history shows low recent volatility and no pre-sale inflation spike.
4af05dd757791f1e82e22660fecb16e6,2025-12-17,589.69,Genuine Discount,167.83056350405883,GENUINE: The price is 45.2% lower than the 90-day average. Price history shows low recent volatility and no pre-sale inflation spike.
4b2c7a17ad687d238245e63b52c07721,2025-12-17,601.52,Genuine Discount,173.15059631636362,GENUINE: The price is 44.4% lower than the 90-day average. Price history shows low recent volatility and no pre-sale inflation spike.
4d65336a84de9fce6b0753befe9bc4b3,2025-12-17,840.6,Genuine Discount,223.77683631757432,GENUINE: The price is 40.7% lower than the 90-day average. Price history shows low recent volatility and no pre-sale inflation spike.
4dcd5dfc481ab82813ff8084589a7e77,2025-12-17,3507.99,Genuine Discount,178.34511145623648,GENUINE: The price is 16.0% lower than the 90-day average. Price history shows low recent volatility and no pre-sale inflation spike.
4e4d4d2b9d625ed2401718a411a3ddcb,2025-12-17,498.91,Genuine Discount,2.7204613368061983,GENUINE: The price is 0.0% lower than the 90-day average. Price history shows low recent volatility and no pre-sale inflation spike.
4eeb1b062357172bcb2a2a2dc4b0f174,2025-12-17,62.31,Suspicious Discount,36.713974446457605,SUSPICIOUS: Anomaly score (-0.08) is low. The current price is an outlier compared to the product's history.
4f1eaddde3bdfa7e5898e4641e4754b6,2025-12-17,28292.2,Suspicious Discount,2514.087272758348,SUSPICIOUS: Anomaly score (-0.10) is low. The current price is an outlier compared to the product's history.
4f3511c33a6869b1d5102cd97818ef00,2025-12-17,984.71,Suspicious Discount,273.1739076433257,SUSPICIOUS: Anomaly score (-0.00) is low. The current price is an outlier compared to the product's history.
50b41d9bdafc32c21d6fb85c5dd328fc,2025-12-17,700.63,Genuine Discount,2.9844428810658727,GENUINE: The price is -0.2% lower than the 90-day average. Price history shows low recent volatility and no pre-sale inflation spike.
51859c73c20ed8abf623483c14ec7764,2025-12-17,1110.63,Genuine Discount,88.65517915646554,GENUINE: The price is 23.1% lower than the 90-day average. Price history shows low recent volatility and no pre-sale inflation spike.
520bbb069932b07b3812e6f9c7ed2c6e,2025-12-17,992.87,Genuine Discount,5.043908400637584,GENUINE: The price is 0.6% lower than the 90-day average. Price history shows low recent volatility and no pre-sale inflation spike.
521c49158c09a0b765ec742987f08fb2,2025-12-17,360.0,Genuine Discount,89.03887712227525,GENUINE: The price is 41.9% lower than the 90-day average. Price history shows low recent volatility and no pre-sale inflation spike.
522cc294663f3cf4bf1774d060ef949e,2025-12-17,10094.89,Suspicious Discount,1823.192270905952,SUSPICIOUS: Anomaly score (-0.06) is low. The current price is an outlier compared to the product's history.
5380ad11d79479435d3121db20474d6e,2025-12-17,2117.11,Genuine Discount,481.98583474960805,GENUINE: The price is 45.8% lower than the 90-day average. Price history shows low recent volatility and no pre-sale inflation spike.
54371d19020cf5486e3118a71e43dd30,2025-12-17,358.74,Suspicious Discount,42.815846976309984,SUSPICIOUS: Anomaly score (-0.00) is low. The current price is an outlier compared to the product's history.
5479bb7028827d60000720a2c135976a,2025-12-17,150.3,Suspicious Discount,155.4579536841965,SUSPICIOUS: Anomaly score (-0.14) is low. The current price is an outlier compared to the product's history.
547b6585272473ae006bcfbdb47b6ae0,2025-12-17,1349.67,Genuine Discount,120.1521611995369,GENUINE: The price is 24.4% lower than the 90-day average. Price history shows low recent volatility and no pre-sale inflation spike.
5510991070a1e6772052172d81003a3d,2025-12-17,20920.0,Suspicious Discount,1771.4105418436227,SUSPICIOUS: Anomaly score (-0.07) is low. The current price is an outlier compared to the product's history.
559efdc406d377d48811e006fff9257e,2025-12-17,706.51,Genuine Discount,54.38520466167605,GENUINE: The price is 21.7% lower than the 90-day average. Price history shows low recent volatility and no pre-sale inflation spike.
55b85ea15a1536d46b7190ad6fff8ce7,2025-12-17,904.25,Genuine Discount,292.9103109342743,GENUINE: The price is 47.1% lower than the 90-day average. Price history shows low recent volatility and no pre-sale inflation spike.
5614ccefd0ab9bee5cd28bf3d38fd12f,2025-12-17,445.07,Genuine Discount,130.16036039634392,GENUINE: The price is 45.3% lower than the 90-day average. Price history shows low recent volatility and no pre-sale inflation spike.
5681d0650d64d77d41d1e946b6580220,2025-12-17,405.58,Suspicious Discount,109.12293844427647,SUSPICIOUS: Anomaly score (-0.02) is low. The current price is an outlier compared to the product's history.
585c623e052d18f20c0e9cb9730c0d69,2025-12-17,1005.5,Genuine Discount,5.13587714251309,GENUINE: The price is -0.6% lower than the 90-day average. Price history shows low recent volatility and no pre-sale inflation spike.
586eeb4560a368e6fbb5d73af3e3aa93,2025-12-17,245.83,Suspicious Discount,100.54226562558466,SUSPICIOUS: Anomaly score (-0.08) is low. The current price is an outlier compared to the product's history.
588d8f7647d36f6e1c162984f2cd9676,2025-12-17,2818.01,Genuine Discount,91.4110816146147,GENUINE: The price is 10.1% lower than the 90-day average. Price history shows low recent volatility and no pre-sale inflation spike.
58fa040c7ec0abf7cfcbf80f838a2143,2025-12-17,394.85,Suspicious Discount,47.7462321423715,SUSPICIOUS: Anomaly score (-0.01) is low. The current price is an outlier compared to the product's history.
5935ed077915347dc695744df68c565c,2025-12-17,694.48,Suspicious Discount,91.80931166620543,SUSPICIOUS: Anomaly score (-0.01) is low. The current price is an outlier compared to the product's history.
595f55f2c1293f07ea9ec9fa2bb39f46,2025-12-17,761.17,Genuine Discount,24.977963457930347,GENUINE: The price is 10.9% lower than the 90-day average. Price history shows low recent volatility and no pre-sale inflation spike.
597fc50c8883cfce6b273ba54ee71f5a,2025-12-17,1298.11,Genuine Discount,6.26424042968639,GENUINE: The price is 0.0% lower than the 90-day average. Price history shows low recent volatility and no pre-sale inflation spike.
5a2976b3b270d95e7b628c02d9605a8d,2025-12-17,769.1,Suspicious Discount,115.87132753347213,SUSPICIOUS: Anomaly score (-0.00) is low. The current price is an outlier compared to the product's history.
5a2a5a43c64bad7c50a8262e9d9901a2,2025-12-17,1611.08,Genuine Discount,35.83705909687336,GENUINE: The price is 6.2% lower than the 90-day average. Price history shows low recent volatility and no pre-sale inflation spike.
5b085177978f863858eb88c27dfbf01b,2025-12-17,2833.54,Genuine Discount,126.80432801271242,GENUINE: The price is 13.4% lower than the 90-day average. Price history shows low recent volatility and no pre-sale inflation spike.
5b60beedcf050b87e5b5ffcf3291086e,2025-12-17,2630.51,Genuine Discount,158.50025009009292,GENUINE: The price is 18.1% lower than the 90-day average. Price history shows low recent volatility and no pre-sale inflation spike.
5f081c3b36ae72605ad87d65561802f8,2025-12-17,355.0,Suspicious Discount,282.05788770489943,SUSPICIOUS: Anomaly score (-0.10) is low. The current price is an outlier compared to the product's history.
5f16579ecfc3aa5dd8e65afdaa069d4f,2025-12-17,5012.99,Suspicious Discount,1281.1182568733664,SUSPICIOUS: Anomaly score (-0.03) is low. The current price is an outlier compared to the product's history.
5f9f896bbba455cd8a5783568845b370,2025-12-17,2528.87,Genuine Discount,201.12838403574187,GENUINE: The price is 22.2% lower than the 90-day average. Price history shows low recent volatility and no pre-sale inflation spike.
5fd1c9dc5d64e71bbe9d3058dff41864,2025-12-17,1283.81,Genuine Discount,7.038065924246247,GENUINE: The price is 1.3% lower than the 90-day average. Price history shows low recent volatility and no pre-sale inflation spike.
603150b1b1aef33678c330c22a76a18d,2025-12-17,292.83,Suspicious Discount,162.85294496928984,SUSPICIOUS: Anomaly score (-0.10) is low. The current price is an outlier compared to the product's history.
6062704061bbe10d03c8a7afeb1283ce,2025-12-17,439.98,Suspicious Discount,120.81091051674109,SUSPICIOUS: Anomaly score (-0.02) is low. The current price is an outlier compared to the product's history.
606f4194a6d47bbcae253e22dc261e97,2025-12-17,1900.37,Genuine Discount,208.45177435080572,GENUINE: The price is 28.2% lower than the 90-day average. Price history shows low recent volatility and no pre-sale inflation spike.
608d96ea8e30002c7c5edfd8aa3e12b8,2025-12-17,993.81,Genuine Discount,160.06312536929946,GENUINE: The price is 27.7% lower than the 90-day average. Price history shows low recent volatility and no pre-sale inflation spike.
6286847ee2da18f587503db49511c539,2025-12-17,274.79,Suspicious Discount,41.62481004892778,SUSPICIOUS: Anomaly score (-0.01) is low. The current price is an outlier compared to the product's history.
62c35de4df27437d3597963fac55a8b6,2025-12-17,775.49,Suspicious Discount,95.16040814414454,SUSPICIOUS: Anomaly score (-0.01) is low. The current price is an outlier compared to the product's history.
6325b6870c54cd47be6ebfbffa620ec7,2025-12-17,705.67,Suspicious Discount,345.2085781037847,SUSPICIOUS: Anomaly score (-0.09) is low. The current price is an outlier compared to the product's history.
653826cd53f1d9e2c086c0ac7846ef70,2025-12-17,2496.06,Genuine Discount,12.434891566711112,GENUINE: The price is -0.1% lower than the 90-day average. Price history shows low recent volatility and no pre-sale inflation spike.
65e2abd46ea9e6ade1c215196f0a37dc,2025-12-17,2708.44,Suspicious Discount,996.7109384935223,SUSPICIOUS: Anomaly score (-0.00) is low. The current price is an outlier compared to the product's history.
65fee026fb77433fdcc4ad8c2f6a0239,2025-12-17,307.74,Suspicious Discount,250.18102555030825,SUSPICIOUS: Anomaly score (-0.10) is low. The current price is an outlier compared to the product's history.
665a24df1812d30a3f77cb4eb6211376,2025-12-17,681.6,Genuine Discount,164.10632170645508,GENUINE: The price is 39.0% lower than the 90-day average. Price history shows low recent volatility and no pre-sale inflation spike.
6712cb52a608a7cade6569880dc3f5b7,2025-12-17,2148.55,Genuine Discount,409.68802188042844,GENUINE: The price is 33.5% lower than the 90-day average. Price history shows low recent volatility and no pre-sale inflation spike.
671fdf870f28e7f2cfe273cc94c4c56b,2025-12-17,491.84,Suspicious Discount,92.97719971157812,SUSPICIOUS: Anomaly score (-0.00) is low. The current price is an outlier compared to the product's history.
6765b10d2c6cb4d95beeb920d1cda181,2025-12-17,974.31,Genuine Discount,227.25855779922702,GENUINE: The price is 46.1% lower than the 90-day average. Price history shows low recent volatility and no pre-sale inflation spike.
6894a5c6bb1d312fc0b65b51d9f65acc,2025-12-17,6593.53,Suspicious Discount,1276.5499220972551,SUSPICIOUS: Anomaly score (-0.04) is low. The current price is an outlier compared to the product's history.
69ca41aae61c7b5fecd53ea08fba3226,2025-12-17,8548.05,Genuine Discount,90.68502389128236,GENUINE: The price is 3.4% lower than the 90-day average. Price history shows low recent volatility and no pre-sale inflation spike.
6a61b755f9c0ea89bac16e677b6a12c6,2025-12-17,1895.48,Genuine Discount,9.36259265718449,GENUINE: The price is 0.2% lower than the 90-day average. Price history shows low recent volatility and no pre-sale inflation spike.
6b6c60b36e596339c1443e23f8f7ab5e,2025-12-17,479.07,Genuine Discount,56.15929110651316,GENUINE: The price is 20.6% lower than the 90-day average. Price history shows low recent volatility and no pre-sale inflation spike.
6cccc848e8eb02d27e40c466a2ebb234,2025-12-17,860.32,Suspicious Discount,308.0891910910428,SUSPICIOUS: Anomaly score (-0.03) is low. The current price is an outlier compared to the product's history.
6e3228b3b9e9462fa48c793960a17524,2025-12-17,1196.32,Genuine Discount,90.67382711498428,GENUINE: The price is 22.4% lower than the 90-day average. Price history shows low recent volatility and no pre-sale inflation spike.
6ef0a5eb033cd610d455be7102da5685,2025-12-17,499.23,Suspicious Discount,91.04488044460763,SUSPICIOUS: Anomaly score (-0.00) is low. The current price is an outlier compared to the product's history.
6f3826c5a55481b1e987bd0fd4469ea4,2025-12-17,1297.48,Genuine Discount,6.0522977587788835,GENUINE: The price is 0.2% lower than the 90-day average. Price history shows low recent volatility and no pre-sale inflation spike.
6f46e8c0baeb4143f10e61fef49f976d,2025-12-17,724.81,Genuine Discount,319.7927963126185,GENUINE: The price is 54.7% lower than the 90-day average. Price history shows low recent volatility and no pre-sale inflation spike.
70a5697b744f4d9c643fb961bbe2da6d,2025-12-17,2312.01,Genuine Discount,14.221854887347828,GENUINE: The price is -0.7% lower than the 90-day average. Price history shows low recent volatility and no pre-sale inflation spike.
710ed5f2393a4b9e8823aa0029f71f93,2025-12-17,108128.52,Genuine Discount,593.0208816936542,GENUINE: The price is -0.4% lower than the 90-day average. Price history shows low recent volatility and no pre-sale inflation spike.
714f8f3614745f82a374fb8146df0df6,2025-12-17,1305.78,Genuine Discount,5.4241528391992775,GENUINE: The price is -0.5% lower than the 90-day average. Price history shows low recent volatility and no pre-sale inflation spike.
72799672e2bc3c0ee7bcead60aaf6404,2025-12-17,504.06,Suspicious Discount,144.66785472087548,SUSPICIOUS: Anomaly score (-0.02) is low. The current price is an outlier compared to the product's history.
7295b59311f9124eedbe1c49f2278fb9,2025-12-17,430.71,Suspicious Discount,159.2948309762418,SUSPICIOUS: Anomaly score (-0.05) is low. The current price is an outlier compared to the product's history.
729db8fe88aad88f3d20bce09967fe76,2025-12-17,128.6,Suspicious Discount,46.665390897177424,SUSPICIOUS: Anomaly score (-0.01) is low. The current price is an outlier compared to the product's history.
72c4f4745fbaeb32f8c82a6ce013309d,2025-12-17,1229.13,Genuine Discount,226.68740729720187,GENUINE: The price is 41.4% lower than the 90-day average. Price history shows low recent volatility and no pre-sale inflation spike.
72ee12931eef1360713ce545939bedc3,2025-12-17,502.49,Suspicious Discount,148.9158860862383,SUSPICIOUS: Anomaly score (-0.02) is low. The current price is an outlier compared to the product's history.
733aa1e801a139fa8dc7be9f0eff5ee0,2025-12-17,150.34,Suspicious Discount,16.21235717508111,SUSPICIOUS: Anomaly score (-0.00) is low. The current price is an outlier compared to the product's history.
7469f0111f8d34c42100f7c3001acde1,2025-12-17,11242.08,Genuine Discount,112.32270124234341,GENUINE: The price is 3.4% lower than the 90-day average. Price history shows low recent volatility and no pre-sale inflation spike.
74e0a83132ff1773921a9cd753dd1dc8,2025-12-17,1193.64,Genuine Discount,145.34191518108102,GENUINE: The price is 31.5% lower than the 90-day average. Price history shows low recent volatility and no pre-sale inflation spike.
75401e9e1232f542d91440a6a8bf9543,2025-12-17,22550.34,Suspicious Discount,1210.470355955252,SUSPICIOUS: Anomaly score (-0.05) is low. The current price is an outlier compared to the product's history.
75e63996bb7901fe2f5422c909c83149,2025-12-17,36254.53,Suspicious Discount,1422.9807175111453,SUSPICIOUS: Anomaly score (-0.05) is low. The current price is an outlier compared to the product's history.
7698cd2c78a1fd6105ef617445da52f9,2025-12-17,13127.11,Suspicious Discount,1039.4954763520993,SUSPICIOUS: Anomaly score (-0.03) is low. The current price is an outlier compared to the product's history.
7713ac1bbb7b5c03019314a46076a6f2,2025-12-17,4015.37,Genuine Discount,18.194336459333453,GENUINE: The price is -0.7% lower than the 90-day average. Price history shows low recent volatility and no pre-sale inflation spike.
77cb6d30d6a472220dfde4d666aa48f0,2025-12-17,1913.18,Genuine Discount,11.7379524982243,GENUINE: The price is -0.8% lower than the 90-day average. Price history shows low recent volatility and no pre-sale inflation spike.
7865f023074a017c3f4f60ca8c4c3967,2025-12-17,700.02,Genuine Discount,19.50873874629396,GENUINE: The price is 8.6% lower than the 90-day average. Price history shows low recent volatility and no pre-sale inflation spike.
788dc3a3da91c0f46a7c465e07f91dd4,2025-12-17,297.06,Genuine Discount,1.233698485863796,GENUINE: The price is 0.6% lower than the 90-day average. Price history shows low recent volatility and no pre-sale inflation spike.
78c73a39ced929d204418bcc80f3058d,2025-12-17,330.88,Genuine Discount,26.118793858898158,GENUINE: The price is 23.0% lower than the 90-day average. Price history shows low recent volatility and no pre-sale inflation spike.
796e52c782c71e33f33b6665d410f21e,2025-12-17,705.51,Genuine Discount,163.43277222704867,GENUINE: The price is 46.1% lower than the 90-day average. Price history shows low recent volatility and no pre-sale inflation spike.
7a182c5c116db5b4276361b3402d7dc8,2025-12-17,35398.58,Suspicious Discount,3024.295769087395,SUSPICIOUS: Anomaly score (-0.11) is low. The current price is an outlier compared to the product's history.
7a7ba93ab20a2b50fd5a7dc74bcba063,2025-12-17,1039.34,Genuine Discount,382.4471667613642,GENUINE: The price is 51.2% lower than the 90-day average. Price history shows low recent volatility and no pre-sale inflation spike.
7a7e587d3344885bdb8c77f8b7679483,2025-12-17,784.08,Genuine Discount,224.70518597338307,GENUINE: The price is 43.4% lower than the 90-day average. Price history shows low recent volatility and no pre-sale inflation spike.
7b72c92c2f6c40268628ec5f14c6d590,2025-12-17,446.31,Genuine Discount,66.44778131701534,GENUINE: The price is 25.5% lower than the 90-day average. Price history shows low recent volatility and no pre-sale inflation spike.
7bcfca5a3c50bf05697a42464206e2f0,2025-12-17,885.32,Genuine Discount,127.67916552243783,GENUINE: The price is 24.9% lower than the 90-day average. Price history shows low recent volatility and no pre-sale inflation spike.
7c4fec2331da8d40f2cb146eb198cb57,2025-12-17,1347.06,Genuine Discount,125.33062698044392,GENUINE: The price is 14.0% lower than the 90-day average. Price history shows low recent volatility and no pre-sale inflation spike.
7d922ec823d39e88c5a26e957537c9b5,2025-12-17,448.75,Genuine Discount,10.259153266577025,GENUINE: The price is 7.0% lower than the 90-day average. Price history shows low recent volatility and no pre-sale inflation spike.
7db2acfee8298ef8c687d688147c69be,2025-12-17,691.61,Genuine Discount,18.49234528184775,GENUINE: The price is 9.4% lower than the 90-day average. Price history shows low recent volatility and no pre-sale inflation spike.
7dd13d04ca61fdd43fdea09e887ed901,2025-12-17,309.99,Genuine Discount,1.5425083691720203,GENUINE: The price is -0.1% lower than the 90-day average. Price history shows low recent volatility and no pre-sale inflation spike.
7ebca8e1830a1a7041f77c342b1282ee,2025-12-17,1259.89,Genuine Discount,231.79251202910183,GENUINE: The price is 39.9% lower than the 90-day average. Price history shows low recent volatility and no pre-sale inflation spike.
7ee3e337474a29b38cfe1f5d4020d633,2025-12-17,22822.02,Suspicious Discount,1725.5285381105207,SUSPICIOUS: Anomaly score (-0.08) is low. The current price is an outlier compared to the product's history.
7ef2b198fb864141f5d4a5f425b5faa7,2025-12-17,1044.71,Genuine Discount,79.78971558192322,GENUINE: The price is 22.8% lower than the 90-day average. Price history shows low recent volatility and no pre-sale inflation spike.
7f2d7f756f5d2163e3fba1f6a1b8de4e,2025-12-17,899.11,Genuine Discount,17.85000843233678,GENUINE: The price is 7.0% lower than the 90-day average. Price history shows low recent volatility and no pre-sale inflation spike.
7f42e78c5e08b86943cd1c1d4402b6eb,2025-12-17,752.16,Genuine Discount,3.5826341044596637,GENUINE: The price is -0.4% lower than the 90-day average. Price history shows low recent volatility and no pre-sale inflation spike.
7f648116541a6100389909fbb7e88a2b,2025-12-17,701.09,Suspicious Discount,330.3108921579144,SUSPICIOUS: Anomaly score (-0.02) is low. The current price is an outlier compared to the product's history.
7f7036a6d550aaa89d34c77bd39a5e48,2025-12-17,22778.14,Suspicious Discount,3326.676977615644,SUSPICIOUS: Anomaly score (-0.11) is low. The current price is an outlier compared to the product's history.
7ffa15f02724bcd799ca7d2ffb673a79,2025-12-17,2803.97,Genuine Discount,132.19824354128602,GENUINE: The price is 14.4% lower than the 90-day average. Price history shows low recent volatility and no pre-sale inflation spike.
80434e3630d67b0ed36b587041d4bc9d,2025-12-17,639.94,Genuine Discount,186.9880959653864,GENUINE: The price is 45.2% lower than the 90-day average. Price history shows low recent volatility and no pre-sale inflation spike.
807302011d3d8f4d88860cff2cb16dee,2025-12-17,525.08,Genuine Discount,11.91492225798178,GENUINE: The price is 7.2% lower than the 90-day average. Price history shows low recent volatility and no pre-sale inflation spike.
80993e88a0224c71617e37dcd1e17745,2025-12-17,454.7,Suspicious Discount,81.98275994898012,SUSPICIOUS: Anomaly score (-0.00) is low. The current price is an outlier compared to the product's history.
80f337a0fa0625579864ce899588670c,2025-12-17,897.45,Genuine Discount,3.860783733192199,GENUINE: The price is 0.2% lower than the 90-day average. Price history shows low recent volatility and no pre-sale inflation spike.
811ac21c8b5e08260dc0ee4288cbb472,2025-12-17,402.11,Suspicious Discount,173.70560830450165,SUSPICIOUS: Anomaly score (-0.02) is low. The current price is an outlier compared to the product's history.
82c661c120b5040fa7383eee7e08ebe9,2025-12-17,444.89,Suspicious Discount,248.3586767238628,SUSPICIOUS: Anomaly score (-0.06) is low. The current price is an outlier compared to the product's history.
83c53f8948f508f51d2249b489ca8e7d,2025-12-17,696.39,Genuine Discount,2.6291948201491437,GENUINE: The price is 0.5% lower than the 90-day average. Price history shows low recent volatility and no pre-sale inflation spike.
83f547de6e1a3b43b1045d0f39d20d19,2025-12-17,2396.25,Genuine Discount,529.4411522490911,GENUINE: The price is 44.7% lower than the 90-day average. Price history shows low recent volatility and no pre-sale inflation spike.
849588c6934255174b56d26814709ad8,2025-12-17,4997.07,Genuine Discount,21.720556723248183,GENUINE: The price is 0.0% lower than the 90-day average. Price history shows low recent volatility and no pre-sale inflation spike.
849ab05698081a374215d0b7d18047d0,2025-12-17,22840.74,Suspicious Discount,1710.5671542786154,SUSPICIOUS: Anomaly score (-0.08) is low. The current price is an outlier compared to the product's history.
84d7c931496624258a367e542fcbb7c8,2025-12-17,718.37,Genuine Discount,129.20155869891852,GENUINE: The price is 39.7% lower than the 90-day average. Price history shows low recent volatility and no pre-sale inflation spike.
8542703ca9e6ebdf6d742638dfb1f2ca,2025-12-17,22639.66,Suspicious Discount,4028.332236992563,SUSPICIOUS: Anomaly score (-0.13) is low. The current price is an outlier compared to the product's history.
85482436ae7de663ba0950110a3ba510,2025-12-17,2529.44,Genuine Discount,236.85379193895523,GENUINE: The price is 19.3% lower than the 90-day average. Price history shows low recent volatility and no pre-sale inflation spike.
85bf557c3728428485761f3df2289fc0,2025-12-17,2388.69,Genuine Discount,306.92110090810974,GENUINE: The price is 21.6% lower than the 90-day average. Price history shows low recent volatility and no pre-sale inflation spike.
860a432976251e6815a794ff4779d14a,2025-12-17,501.0,Genuine Discount,2.8761872910736557,GENUINE: The price is -0.3% lower than the 90-day average. Price history shows low recent volatility and no pre-sale inflation spike.
861c3b96f62da6d32cdd10ded7910252,2025-12-17,1814.64,Genuine Discount,125.34518374401384,GENUINE: The price is 20.1% lower than the 90-day average. Price history shows low recent volatility and no pre-sale inflation spike.
8641b2d3d40163708495f9d09a3d0cd5,2025-12-17,20968.46,Suspicious Discount,3820.805735175836,SUSPICIOUS: Anomaly score (-0.13) is low. The current price is an outlier compared to the product's history.
8697caedde118c4848fad0566646ad45,2025-12-17,789.27,Suspicious Discount,218.80302618786115,SUSPICIOUS: Anomaly score (-0.01) is low. The current price is an outlier compared to the product's history.
8733d8c1219d4ac63a9a15aac09d0c01,2025-12-17,992.62,Genuine Discount,54.25106043352366,GENUINE: The price is 17.5% lower than the 90-day average. Price history shows low recent volatility and no pre-sale inflation spike.
8782cc47269fa18d54998b55ed1124a9,2025-12-17,890.34,Suspicious Discount,255.26180747769476,SUSPICIOUS: Anomaly score (-0.01) is low. The current price is an outlier compared to the product's history.
8796f21208ffeba0823845346f4be530,2025-12-17,724.83,Genuine Discount,84.92080110450077,GENUINE: The price is 19.9% lower than the 90-day average. Price history shows low recent volatility and no pre-sale inflation spike.
87adc80e4c71ee3bce00abd0fa06ef4c,2025-12-17,897.6,Suspicious Discount,254.51987726296775,SUSPICIOUS: Anomaly score (-0.00) is low. The current price is an outlier compared to the product's history.
87e9596cfb4cb8a94965b781cafa621c,2025-12-17,805.51,Suspicious Discount,570.6337007747584,SUSPICIOUS: Anomaly score (-0.08) is low. The current price is an outlier compared to the product's history.
87ff92f89ef9d34b3d71c36955ce591a,2025-12-17,344.25,Suspicious Discount,120.77659633085021,SUSPICIOUS: Anomaly score (-0.06) is low. The current price is an outlier compared to the product's history.
88894166380fea0ef00618c9fe64154c,2025-12-17,484.64,Suspicious Discount,387.8935220996775,SUSPICIOUS: Anomaly score (-0.10) is low. The current price is an outlier compared to the product's history.
893aa5ed55f7cff2eccea7758d7a86bd,2025-12-17,24248.82,Genuine Discount,97.92361265321989,GENUINE: The price is 0.7% lower than the 90-day average. Price history shows low recent volatility and no pre-sale inflation spike.
89904d9fd021a498f519fbcbfc654504,2025-12-17,752.98,Suspicious Discount,315.7582743655866,SUSPICIOUS: Anomaly score (-0.06) is low. The current price is an outlier compared to the product's history.
89fcdddaad50084e395d0928a7426afe,2025-12-17,300.81,Genuine Discount,9.288019158305866,GENUINE: The price is 9.6% lower than the 90-day average. Price history shows low recent volatility and no pre-sale inflation spike.
8a51a9757dd11c3a47f948d99c11a481,2025-12-17,3992.04,Genuine Discount,15.203045766382212,GENUINE: The price is 0.1% lower than the 90-day average. Price history shows low recent volatility and no pre-sale inflation spike.
8a51adce678b874bef63d8a8a7d28ea4,2025-12-17,2796.73,Genuine Discount,10.897084815273594,GENUINE: The price is -0.1% lower than the 90-day average. Price history shows low recent volatility and no pre-sale inflation spike.
8b1c8e10ebebd9c7a7cdb1a791c5b555,2025-12-17,497.44,Suspicious Discount,274.62270077304686,SUSPICIOUS: Anomaly score (-0.10) is low. The current price is an outlier compared to the product's history.
8b268c1e68f198ae2e934717d49f48e9,2025-12-17,6677.21,Genuine Discount,78.23917659342771,GENUINE: The price is 2.9% lower than the 90-day average. Price history shows low recent volatility and no pre-sale inflation spike.
8bc90f8a2ab89daa6ea69d42fe24c985,2025-12-17,1047.95,Genuine Discount,191.21071117168574,GENUINE: The price is 40.4% lower than the 90-day average. Price history shows low recent volatility and no pre-sale inflation spike.
8be1f8b6f7207c71205c652e0a2cac75,2025-12-17,592.97,Suspicious Discount,90.7054896062621,SUSPICIOUS: Anomaly score (-0.00) is low. The current price is an outlier compared to the product's history.
8beb2187f33659971647812d8f95af73,2025-12-17,1384.51,Genuine Discount,221.49314669764487,GENUINE: The price is 28.3% lower than the 90-day average. Price history shows low recent volatility and no pre-sale inflation spike.
8e802c5ef0aa3d98654d8b61e21a9cee,2025-12-17,3459.65,Genuine Discount,17.272747190798423,GENUINE: The price is 1.1% lower than the 90-day average. Price history shows low recent volatility and no pre-sale inflation spike.
8ec3752c566c461faa8c9d2d737cff7b,2025-12-17,994.91,Genuine Discount,142.77163979304612,GENUINE: The price is 24.1% lower than the 90-day average. Price history shows low recent volatility and no pre-sale inflation spike.
8fabe91e0b3b3bb7da5295bb483eaf24,2025-12-17,353.94,Genuine Discount,23.75800739545092,GENUINE: The price is 12.8% lower than the 90-day average. Price history shows low recent volatility and no pre-sale inflation spike.
8fba991927f00f377e1b2dbf1824dd78,2025-12-17,682.2,Genuine Discount,146.09415850115684,GENUINE: The price is 45.0% lower than the 90-day average. Price history shows low recent volatility and no pre-sale inflation spike.
906b3a5912453ffced2dbd0fc4bd495c,2025-12-17,507.0,Genuine Discount,91.69807566451648,GENUINE: The price is 39.5% lower than the 90-day average. Price history shows low recent volatility and no pre-sale inflation spike.
920154acbe49d3202ed7d2ed2df1ea13,2025-12-17,695.0,Suspicious Discount,371.0999958718612,SUSPICIOUS: Anomaly score (-0.02) is low. The current price is an outlier compared to the product's history.
92575fe20a9a1795c4e26c9299166122,2025-12-17,1180.06,Genuine Discount,213.1937757499094,GENUINE: The price is 40.1% lower than the 90-day average. Price history shows low recent volatility and no pre-sale inflation spike.
92b9ea96e2bc01863dbe0396ea540f99,2025-12-17,8493.43,Genuine Discount,34.22707729604939,GENUINE: The price is 0.5% lower than the 90-day average. Price history shows low recent volatility and no pre-sale inflation spike.
944e519a7fac6d648246603aa4639b62,2025-12-17,853.31,Genuine Discount,155.68234046716174,GENUINE: The price is 40.1% lower than the 90-day average. Price history shows low recent volatility and no pre-sale inflation spike.
960ad1ac72e3b9e024f4316d7319a8a9,2025-12-17,901.8,Genuine Discount,73.90931068841417,GENUINE: The price is 22.9% lower than the 90-day average. Price history shows low recent volatility and no pre-sale inflation spike.
96d63aa58f24fafb164e67d33ca847af,2025-12-17,891.01,Genuine Discount,401.056368758051,GENUINE: The price is 56.1% lower than the 90-day average. Price history shows low recent volatility and no pre-sale inflation spike.
96e64317587fe587e5c82646e8ffd361,2025-12-17,1005.25,Genuine Discount,4.386340618669368,GENUINE: The price is -0.7% lower than the 90-day average. Price history shows low recent volatility and no pre-sale inflation spike.
97b8a04ee0c6f158ed18a99cfc2bd6ed,2025-12-17,848.07,Genuine Discount,232.01187797674885,GENUINE: The price is 43.3% lower than the 90-day average. Price history shows low recent volatility and no pre-sale inflation spike.
97edddb727f85bac39e2918b5c5a7b42,2025-12-17,2796.33,Genuine Discount,126.49978033192035,GENUINE: The price is 14.6% lower than the 90-day average. Price history shows low recent volatility and no pre-sale inflation spike.
9965d5fc650def69464bee1c19b52598,2025-12-17,507.33,Suspicious Discount,211.05561125191463,SUSPICIOUS: Anomaly score (-0.07) is low. The current price is an outlier compared to the product's history.
9aacdecceb404c74abddc513fd2756a8,2025-12-17,384.54,Suspicious Discount,153.92129100857807,SUSPICIOUS: Anomaly score (-0.01) is low. The current price is an outlier compared to the product's history.
9b3b8f9b4f37b726c72b312e5db14aeb,2025-12-17,692.92,Suspicious Discount,73.96923775321719,SUSPICIOUS: Anomaly score (-0.01) is low. The current price is an outlier compared to the product's history.
9b9dc9b2609d1ee4f5196221eca22eb7,2025-12-17,607.82,Genuine Discount,197.78676583809147,GENUINE: The price is 47.5% lower than the 90-day average. Price history shows low recent volatility and no pre-sale inflation spike.
9c26a5d85a59d6a34a199ae1df836ec3,2025-12-17,1489.81,Genuine Discount,8.379127742440977,GENUINE: The price is 0.7% lower than the 90-day average. Price history shows low recent volatility and no pre-sale inflation spike.
9d011a8574d1c477659be03fafa6bd25,2025-12-17,1817.77,Genuine Discount,6.978012009820579,GENUINE: The price is 0.3% lower than the 90-day average. Price history shows low recent volatility and no pre-sale inflation spike.
9d01e24c377a84d8e4303f5365a2bcd1,2025-12-17,400.49,Suspicious Discount,49.04903779036909,SUSPICIOUS: Anomaly score (-0.01) is low. The current price is an outlier compared to the product's history.
9d442ef603d3149cf53c95d9b4cb490f,2025-12-17,27073.86,Suspicious Discount,2972.145291558338,SUSPICIOUS: Anomaly score (-0.11) is low. The current price is an outlier compared to the product's history.
9d87bafdcf94cdef4456fae11542fc7d,2025-12-17,759.7,Genuine Discount,39.38694204090223,GENUINE: The price is 7.7% lower than the 90-day average. Price history shows low recent volatility and no pre-sale inflation spike.
9dd74ba09308fb38167fa82059be4425,2025-12-17,867.91,Genuine Discount,394.6598517687939,GENUINE: The price is 56.4% lower than the 90-day average. Price history shows low recent volatility and no pre-sale inflation spike.
9ec7cf78ff9e728bf1d7eb6609f42188,2025-12-17,397.33,Genuine Discount,8.750496767507332,GENUINE: The price is 6.6% lower than the 90-day average. Price history shows low recent volatility and no pre-sale inflation spike.
9ff03a2eaf2dfe2c2cc13c159c5523f8,2025-12-17,499.08,Suspicious Discount,55.43334746891507,SUSPICIOUS: Anomaly score (-0.00) is low. The current price is an outlier compared to the product's history.
a0add32b9076467feb5b3e1376d4e18e,2025-12-17,453.5,Genuine Discount,127.64492662995778,GENUINE: The price is 44.0% lower than the 90-day average. Price history shows low recent volatility and no pre-sale inflation spike.
a16cc763817964b2c77e56ecd218a6e8,2025-12-17,1816.81,Genuine Discount,8.276338909634381,GENUINE: The price is 0.3% lower than the 90-day average. Price history shows low recent volatility and no pre-sale inflation spike.
a259ce93922e4a85da7777496d74d7dd,2025-12-17,992.28,Genuine Discount,266.3253989510435,GENUINE: The price is 42.8% lower than the 90-day average. Price history shows low recent volatility and no pre-sale inflation spike.
a45c097adcf59401d1ac57ac632d8d71,2025-12-17,650.41,Genuine Discount,2.9273506911478955,GENUINE: The price is -0.9% lower than the 90-day average. Price history shows low recent volatility and no pre-sale inflation spike.
a468d980aaecbf4e1018e341772669df,2025-12-17,1826.65,Genuine Discount,407.27648731275025,GENUINE: The price is 38.7% lower than the 90-day average. Price history shows low recent volatility and no pre-sale inflation spike.
a48082f2eb2ae7b9e1f91303f167fb81,2025-12-17,30519.42,Suspicious Discount,2558.227274315142,SUSPICIOUS: Anomaly score (-0.10) is low. The current price is an outlier compared to the product's history.
a4b09aa7927c59fbb39960b3d7919909,2025-12-17,1161.81,Genuine Discount,5.101382965523161,GENUINE: The price is -0.2% lower than the 90-day average. Price history shows low recent volatility and no pre-sale inflation spike.
a51bbd403085e6558f8c279322d58997,2025-12-17,2416.59,Genuine Discount,161.51201906984767,GENUINE: The price is 19.5% lower than the 90-day average. Price history shows low recent volatility and no pre-sale inflation spike.
a55b4f633fcaee55344ac4aac13cbfa5,2025-12-17,1778.53,Genuine Discount,410.0646266116636,GENUINE: The price is 45.8% lower than the 90-day average. Price history shows low recent volatility and no pre-sale inflation spike.
a57f4106431e1caf2e94dd1a846b299a,2025-12-17,1047.73,Suspicious Discount,1085.71552499226,SUSPICIOUS: Anomaly score (-0.13) is low. The current price is an outlier compared to the product's history.
a5bfef5b28f5fb08b6f66df0d83c0c97,2025-12-17,2386.16,Genuine Discount,833.9344539465758,GENUINE: The price is 49.2% lower than the 90-day average. Price history shows low recent volatility and no pre-sale inflation spike.
a5c993463f503760919728797dfbc83d,2025-12-17,1240.65,Genuine Discount,360.2995112722075,GENUINE: The price is 45.0% lower than the 90-day average. Price history shows low recent volatility and no pre-sale inflation spike.
a60ebb7803c6a31795de3f8949cb6f98,2025-12-17,1721.91,Genuine Discount,235.91582300551988,GENUINE: The price is 22.2% lower than the 90-day average. Price history shows low recent volatility and no pre-sale inflation spike.
a62b34aa0564cbf03b0132773eab9354,2025-12-17,15079.39,Suspicious Discount,686.3301579557493,SUSPICIOUS: Anomaly score (-0.01) is low. The current price is an outlier compared to the product's history.
a6456e9e8f9a8ceaa2d68eee7a94c87d,2025-12-17,600.1,Suspicious Discount,91.62377008567395,SUSPICIOUS: Anomaly score (-0.00) is low. The current price is an outlier compared to the product's history.
a66b8f58ac663190586f5c1a9745e56f,2025-12-17,977.05,Genuine Discount,320.2168415710773,GENUINE: The price is 48.3% lower than the 90-day average. Price history shows low recent volatility and no pre-sale inflation spike.
a66eb5d26256dba8c1d22022603776c0,2025-12-17,593.77,Genuine Discount,266.390083116175,GENUINE: The price is 55.4% lower than the 90-day average. Price history shows low recent volatility and no pre-sale inflation spike.
a6f4e66cf99bce007792c6a8fdbb3d10,2025-12-17,891.09,Genuine Discount,163.8938666613133,GENUINE: The price is 41.0% lower than the 90-day average. Price history shows low recent volatility and no pre-sale inflation spike.
a7217cbdcf32fcfc22080c02b2bdb2b9,2025-12-17,1132.57,Genuine Discount,246.4375292271996,GENUINE: The price is 45.1% lower than the 90-day average. Price history shows low recent volatility and no pre-sale inflation spike.
a73090bdd5d83d93630caf78ebc437ce,2025-12-17,1018.71,Genuine Discount,235.40502800836657,GENUINE: The price is 45.8% lower than the 90-day average. Price history shows low recent volatility and no pre-sale inflation spike.
a756418e7bbcd26d9d43fb7548dc845d,2025-12-17,1157.06,Genuine Discount,206.6202620014223,GENUINE: The price is 40.0% lower than the 90-day average. Price history shows low recent volatility and no pre-sale inflation spike.
a86bcaa1f3e99d88a6a7bad85547c5d6,2025-12-17,494.48,Genuine Discount,23.95755535328967,GENUINE: The price is 15.6% lower than the 90-day average. Price history shows low recent volatility and no pre-sale inflation spike.
a8980adc2e8740e50dc4d305da965409,2025-12-17,265.49,Genuine Discount,20.376662738727862,GENUINE: The price is 21.6% lower than the 90-day average. Price history shows low recent volatility and no pre-sale inflation spike.
a8f99924be2c3dc4c6c4d0208f55cc66,2025-12-17,1586.79,Genuine Discount,268.73905612489165,GENUINE: The price is 27.6% lower than the 90-day average. Price history shows low recent volatility and no pre-sale inflation spike.
a9078723d7abc68d9f5adaf42d502583,2025-12-17,1221.29,Genuine Discount,328.6418626631392,GENUINE: The price is 49.5% lower than the 90-day average. Price history shows low recent volatility and no pre-sale inflation spike.
a919c3ae44e0f1d2e1e5cafe7ea057ae,2025-12-17,2757.8,Genuine Discount,379.7566958655537,GENUINE: The price is 24.7% lower than the 90-day average. Price history shows low recent volatility and no pre-sale inflation spike.
a99bd685c5430bdf45a1dd01aabc3200,2025-12-17,1201.06,Genuine Discount,73.99312243670171,GENUINE: The price is 18.4% lower than the 90-day average. Price history shows low recent volatility and no pre-sale inflation spike.
aa6f88f737d0ac54dbf840e12955cac4,2025-12-17,1096.05,Genuine Discount,319.49447848807824,GENUINE: The price is 44.9% lower than the 90-day average. Price history shows low recent volatility and no pre-sale inflation spike.
ab835ab63482692c69f24e59abc858ad,2025-12-17,454.35,Genuine Discount,149.63522556729487,GENUINE: The price is 47.2% lower than the 90-day average. Price history shows low recent volatility and no pre-sale inflation spike.
ac04e44ba4ee07a49665d416c83c5759,2025-12-17,1890.77,Genuine Discount,265.6641120940249,GENUINE: The price is 34.4% lower than the 90-day average. Price history shows low recent volatility and no pre-sale inflation spike.
aca6fa708fa2aa9528bbfc32ae83e733,2025-12-17,29475.43,Genuine Discount,132.48873788137917,GENUINE: The price is -0.4% lower than the 90-day average. Price history shows low recent volatility and no pre-sale inflation spike.
ad50773192afcbe6a76a5ea3ea3c9d43,2025-12-17,1467.91,Genuine Discount,116.79043964574109,GENUINE: The price is 22.6% lower than the 90-day average. Price history shows low recent volatility and no pre-sale inflation spike.
adc5274c2422dbc21185039f7589d3e6,2025-12-17,542.58,Suspicious Discount,136.31476739390735,SUSPICIOUS: Anomaly score (-0.01) is low. The current price is an outlier compared to the product's history.
ae2934c35fd4b0469d507c0b50374ef1,2025-12-17,395.13,Genuine Discount,7.592457577686257,GENUINE: The price is 7.1% lower than the 90-day average. Price history shows low recent volatility and no pre-sale inflation spike.
aefda213cec394efb8560c02831527bf,2025-12-17,1273.69,Genuine Discount,186.8826599017456,GENUINE: The price is 35.3% lower than the 90-day average. Price history shows low recent volatility and no pre-sale inflation spike.
aefde3ea5e7e1244ff473b53095bf1af,2025-12-17,991.77,Genuine Discount,222.9534372719318,GENUINE: The price is 45.1% lower than the 90-day average. Price history shows low recent volatility and no pre-sale inflation spike.
af17711a2f254175187bb14737471681,2025-12-17,735.07,Suspicious Discount,407.774089412093,SUSPICIOUS: Anomaly score (-0.10) is low. The current price is an outlier compared to the product's history.
af6b07bd021da2fba6f993eeda27b2ed,2025-12-17,954.02,Genuine Discount,44.335749717216785,GENUINE: The price is 15.0% lower than the 90-day average. Price history shows low recent volatility and no pre-sale inflation spike.
aff8be089d14317011f1cc3eba810b6d,2025-12-17,592.39,Suspicious Discount,143.70026616089103,SUSPICIOUS: Anomaly score (-0.00) is low. The current price is an outlier compared to the product's history.
b0a058029072532046d05ac98ff1cae9,2025-12-17,992.8,Suspicious Discount,367.4281242842581,SUSPICIOUS: Anomaly score (-0.04) is low. The current price is an outlier compared to the product's history.
b0e1a3476567e4836fc9ba36f68a9b99,2025-12-17,1296.85,Genuine Discount,5.735248233411312,GENUINE: The price is 0.2% lower than the 90-day average. Price history shows low recent volatility and no pre-sale inflation spike.
b129a98c7c0e905ca82fd73db63d9bd0,2025-12-17,890.04,Suspicious Discount,110.91306829970252,SUSPICIOUS: Anomaly score (-0.00) is low. The current price is an outlier compared to the product's history.
b1d1076fc8267bdaa6a5d49f4b180ba5,2025-12-17,2034.76,Genuine Discount,454.26944249779183,GENUINE: The price is 45.1% lower than the 90-day average. Price history shows low recent volatility and no pre-sale inflation spike.
b3fada85cc9295c1010f607904d5bf74,2025-12-17,1003.84,Genuine Discount,4.072316971607364,GENUINE: The price is -0.6% lower than the 90-day average. Price history shows low recent volatility and no pre-sale inflation spike.
b47890c2d84778d09658dd072aca9d50,2025-12-17,600.83,Genuine Discount,2.5682487436373407,GENUINE: The price is -0.3% lower than the 90-day average. Price history shows low recent volatility and no pre-sale inflation spike.
b51acbb3e292152a131cde140e0c376a,2025-12-17,665.83,Genuine Discount,45.73211581729482,GENUINE: The price is 18.8% lower than the 90-day average. Price history shows low recent volatility and no pre-sale inflation spike.
b52073e7ed9c00c4108cae4eb0c49c1a,2025-12-17,598.7,Genuine Discount,136.48116716067736,GENUINE: The price is 39.5% lower than the 90-day average. Price history shows low recent volatility and no pre-sale inflation spike.
b707fb4e10ebf63c88be8c6a8e50d038,2025-12-17,652.89,Genuine Discount,2.740213180732626,GENUINE: The price is -0.5% lower than the 90-day average. Price history shows low recent volatility and no pre-sale inflation spike.
b75e9fbc54e49dcee551709bd63e243c,2025-12-17,553.18,Suspicious Discount,155.68385308016124,SUSPICIOUS: Anomaly score (-0.01) is low. The current price is an outlier compared to the product's history.
b79ed9e338cf028d849dae39f6c39ea7,2025-12-17,1326.81,Genuine Discount,277.65072488962454,GENUINE: The price is 42.7% lower than the 90-day average. Price history shows low recent volatility and no pre-sale inflation spike.
b7dc0087348ad77ccc09ab6a9c09d2da,2025-12-17,1644.26,Genuine Discount,502.9379284545504,GENUINE: The price is 45.5% lower than the 90-day average. Price history shows low recent volatility and no pre-sale inflation spike.
b807d4941ab84069bd0ca39dd8952540,2025-12-17,1308.94,Genuine Discount,431.9549939845208,GENUINE: The price is 47.9% lower than the 90-day average. Price history shows low recent volatility and no pre-sale inflation spike.
b85f8843bb1c297dd5712f0bd287006d,2025-12-17,973.74,Genuine Discount,319.458172709534,GENUINE: The price is 49.4% lower than the 90-day average. Price history shows low recent volatility and no pre-sale inflation spike.
b8785373140e7542e1fd524857f7e274,2025-12-17,795.45,Genuine Discount,56.16966303547841,GENUINE: The price is 20.7% lower than the 90-day average. Price history shows low recent volatility and no pre-sale inflation spike.
b8950a817c882307669cc6cdc34fbb93,2025-12-17,837.29,Genuine Discount,154.29547149589948,GENUINE: The price is 41.2% lower than the 90-day average. Price history shows low recent volatility and no pre-sale inflation spike.
b9a753abc32e2eb9252507174b01de27,2025-12-17,34058.08,Suspicious Discount,2926.782665093596,SUSPICIOUS: Anomaly score (-0.11) is low. The current price is an outlier compared to the product's history.
b9b183aa18d3a721d2ac23e7184525b0,2025-12-17,898.1,Genuine Discount,3.4537303004875164,GENUINE: The price is -0.0% lower than the 90-day average. Price history shows low recent volatility and no pre-sale inflation spike.
ba2673ae70331fae9834a1e89222407b,2025-12-17,139.87,Suspicious Discount,153.91058248403243,SUSPICIOUS: Anomaly score (-0.14) is low. The current price is an outlier compared to the product's history.
ba4264a63ff817717897b044bbdcbee7,2025-12-17,2372.86,Genuine Discount,292.7174012208268,GENUINE: The price is 31.9% lower than the 90-day average. Price history shows low recent volatility and no pre-sale inflation spike.
bb13c21a4941d1658d6d3372d2aa9ac5,2025-12-17,396.83,Genuine Discount,40.241118051926684,GENUINE: The price is 19.7% lower than the 90-day average. Price history shows low recent volatility and no pre-sale inflation spike.
bb363768a5f11200c6379fa27f10b235,2025-12-17,1238.48,Genuine Discount,5.983771501261571,GENUINE: The price is -0.3% lower than the 90-day average. Price history shows low recent volatility and no pre-sale inflation spike.
bb41283056536d7af11e994ba4f9db81,2025-12-17,677.11,Genuine Discount,111.47393488237819,GENUINE: The price is 38.7% lower than the 90-day average. Price history shows low recent volatility and no pre-sale inflation spike.
bb618d4563a3854adfde275355b58690,2025-12-17,698.53,Genuine Discount,4.348048789498953,GENUINE: The price is 0.0% lower than the 90-day average. Price history shows low recent volatility and no pre-sale inflation spike.
bb968801d62add091536d412b2c56b8b,2025-12-17,3773.48,Genuine Discount,470.4685314309519,GENUINE: The price is 22.8% lower than the 90-day average. Price history shows low recent volatility and no pre-sale inflation spike.
bbb8cdc5406ff60ff06ff64630f2ca47,2025-12-17,209.62,Suspicious Discount,109.66895218017761,SUSPICIOUS: Anomaly score (-0.10) is low. The current price is an outlier compared to the product's history.
bc940ea42ee6bef5ac7cea3fb5cfbee7,2025-12-17,209.24,Genuine Discount,15.342085926454322,GENUINE: The price is 10.3% lower than the 90-day average. Price history shows low recent volatility and no pre-sale inflation spike.
be0aa17665e9a27ef1ab0ce134e6aee5,2025-12-17,1003.86,Genuine Discount,180.22952587148356,GENUINE: The price is 40.1% lower than the 90-day average. Price history shows low recent volatility and no pre-sale inflation spike.
be42df7c45ea5505cb27c71e981010a3,2025-12-17,30968.22,Suspicious Discount,5628.341366913053,SUSPICIOUS: Anomaly score (-0.15) is low. The current price is an outlier compared to the product's history.
bec784ef794cf596dbe2cbbaf5427ef0,2025-12-17,386.51,Genuine Discount,19.863715421462036,GENUINE: The price is 16.7% lower than the 90-day average. Price history shows low recent volatility and no pre-sale inflation spike.
bf585ba904709b25c269abef4a41064a,2025-12-17,2241.29,Genuine Discount,233.62201943634736,GENUINE: The price is 19.5% lower than the 90-day average. Price history shows low recent volatility and no pre-sale inflation spike.
bfdcd09f003dbf6e5a0685029b118545,2025-12-17,1591.09,Genuine Discount,7.2671972889677106,GENUINE: The price is 0.2% lower than the 90-day average. Price history shows low recent volatility and no pre-sale inflation spike.
c0824c9e7ee6b79006ce698a2a7a413c,2025-12-17,849.45,Suspicious Discount,852.6832323822169,SUSPICIOUS: Anomaly score (-0.11) is low. The current price is an outlier compared to the product's history.
c0a1f6d9899583b07190a1e746ef8b38,2025-12-17,1292.45,Genuine Discount,5.845513507034352,GENUINE: The price is 0.2% lower than the 90-day average. Price history shows low recent volatility and no pre-sale inflation spike.
c1cbcbc28ebf16e97d95cde63f2a635a,2025-12-17,500.54,Genuine Discount,108.31507283060485,GENUINE: The price is 36.7% lower than the 90-day average. Price history shows low recent volatility and no pre-sale inflation spike.
c21797584df93e18c7d25f5ac8f779e2,2025-12-17,995.63,Genuine Discount,5.7249578726552315,GENUINE: The price is 0.4% lower than the 90-day average. Price history shows low recent volatility and no pre-sale inflation spike.
c275ee5ac19f774a3ef7da71b40aabd8,2025-12-17,451.99,Suspicious Discount,81.00988730984403,SUSPICIOUS: Anomaly score (-0.00) is low. The current price is an outlier compared to the product's history.
c2a17313954882c1dba461863e98adf2,2025-12-17,431.73,Genuine Discount,1.6075318412677777,GENUINE: The price is -0.4% lower than the 90-day average. Price history shows low recent volatility and no pre-sale inflation spike.
c2d766ca982eca8304150849735ffef9,2025-12-17,376.4,Suspicious Discount,162.02522678600548,SUSPICIOUS: Anomaly score (-0.01) is low. The current price is an outlier compared to the product's history.
c2e813b9a55de4189602e9ac7fd2f122,2025-12-17,1890.38,Genuine Discount,9.564704061971872,GENUINE: The price is 0.5% lower than the 90-day average. Price history shows low recent volatility and no pre-sale inflation spike.
c323b5a64d0f51dafcf1e3730dbbdbf4,2025-12-17,468.04,Suspicious Discount,133.6221658671708,SUSPICIOUS: Anomaly score (-0.02) is low. The current price is an outlier compared to the product's history.
c35ad9935596de3d0d0134a806396072,2025-12-17,1091.07,Suspicious Discount,986.9107806640415,SUSPICIOUS: Anomaly score (-0.12) is low. The current price is an outlier compared to the product's history.
c3f924e0e4c823c62d58de0c17ba86d6,2025-12-17,702.16,Suspicious Discount,501.1034736471689,SUSPICIOUS: Anomaly score (-0.09) is low. The current price is an outlier compared to the product's history.
c497e4250ea07a8a87efa8fda01ae6e0,2025-12-17,248.23,Genuine Discount,16.942431735246306,GENUINE: The price is 12.7% lower than the 90-day average. Price history shows low recent volatility and no pre-sale inflation spike.
c627c22b7509fbcda4f345a2c2d71765,2025-12-17,688.03,Suspicious Discount,235.9411959088463,SUSPICIOUS: Anomaly score (-0.03) is low. The current price is an outlier compared to the product's history.
c6af1bc4185526d31087503b5fbf70ce,2025-12-17,701.9,Genuine Discount,3.3988607963026305,GENUINE: The price is -0.4% lower than the 90-day average. Price history shows low recent volatility and no pre-sale inflation spike.
c6c1eca6e11a3b8e347feb7c35a29680,2025-12-17,3526.95,Genuine Discount,93.45061881433034,GENUINE: The price is 8.1% lower than the 90-day average. Price history shows low recent volatility and no pre-sale inflation spike.
c72001e7544d808b9804b4ec37465d32,2025-12-17,704.44,Suspicious Discount,239.65499099460192,SUSPICIOUS: Anomaly score (-0.03) is low. The current price is an outlier compared to the product's history.
c73e78fb440ff8972e0762daed4fc109,2025-12-17,904.17,Suspicious Discount,249.27720617265197,SUSPICIOUS: Anomaly score (-0.00) is low. The current price is an outlier compared to the product's history.
c95eb9ddacb5e5567018680e5812163e,2025-12-17,3527.78,Genuine Discount,221.43739134594765,GENUINE: The price is 18.3% lower than the 90-day average. Price history shows low recent volatility and no pre-sale inflation spike.
c9b137687a6ba49b8ac767f9c83b12a5,2025-12-17,894.69,Suspicious Discount,564.6838910795178,SUSPICIOUS: Anomaly score (-0.11) is low. The current price is an outlier compared to the product's history.
c9c27aa5dc7df49e82e55e8abb6b4020,2025-12-17,450.93,Suspicious Discount,81.96795969844914,SUSPICIOUS: Anomaly score (-0.00) is low. The current price is an outlier compared to the product's history.
ca1d2871ce9800a24469cc1fb5ec1a35,2025-12-17,369.07,Suspicious Discount,115.51451662568084,SUSPICIOUS: Anomaly score (-0.05) is low. The current price is an outlier compared to the product's history.
cb02f195bbaabc773c7103accf6614a3,2025-12-17,598.33,Genuine Discount,216.68446915262854,GENUINE: The price is 51.2% lower than the 90-day average. Price history shows low recent volatility and no pre-sale inflation spike.
cb235b669dbf76d72ab1608a01ff61db,2025-12-17,798.06,Genuine Discount,271.91293084029866,GENUINE: The price is 49.7% lower than the 90-day average. Price history shows low recent volatility and no pre-sale inflation spike.
cb27a8177c501261c212397d9491eea0,2025-12-17,899.92,Suspicious Discount,479.23859116585294,SUSPICIOUS: Anomaly score (-0.03) is low. The current price is an outlier compared to the product's history.
cb3f1acf06c356feed26973d51f78bcc,2025-12-17,824.52,Genuine Discount,150.0999364672547,GENUINE: The price is 40.6% lower than the 90-day average. Price history shows low recent volatility and no pre-sale inflation spike.
ccfdfc13491abbf4225b1e31c83f7a9f,2025-12-17,160.83,Suspicious Discount,66.41556183190973,SUSPICIOUS: Anomaly score (-0.03) is low. The current price is an outlier compared to the product's history.
cd7189193ec8bdb1b4a0ed04d40b3a0a,2025-12-17,603.55,Genuine Discount,157.2456938196657,GENUINE: The price is 42.9% lower than the 90-day average. Price history shows low recent volatility and no pre-sale inflation spike.
cdc184d8b1f13b6b856e44260398cb98,2025-12-17,2392.44,Genuine Discount,317.0475171754572,GENUINE: The price is 25.2% lower than the 90-day average. Price history shows low recent volatility and no pre-sale inflation spike.
ce5a6818f7707e2cb61fdcdbba61f5ad,2025-12-17,477.04,Genuine Discount,213.2171885754575,GENUINE: The price is 55.2% lower than the 90-day average. Price history shows low recent volatility and no pre-sale inflation spike.
cf59d4e4b6583f4c4bc32c385d7952d1,2025-12-17,2105.04,Genuine Discount,627.4952353421666,GENUINE: The price is 43.4% lower than the 90-day average. Price history shows low recent volatility and no pre-sale inflation spike.
d084ebfdd61a98960b4e4b728bfea559,2025-12-17,995.52,Genuine Discount,165.1311691666399,GENUINE: The price is 38.2% lower than the 90-day average. Price history shows low recent volatility and no pre-sale inflation spike.
d0b2ff6a4250098ea84368c59a1185b7,2025-12-17,487.71,Suspicious Discount,354.9996065460108,SUSPICIOUS: Anomaly score (-0.12) is low. The current price is an outlier compared to the product's history.
d3d0388e29c2a836b00262f13e0eda42,2025-12-17,966.2,Genuine Discount,131.98123161981079,GENUINE: The price is 34.1% lower than the 90-day average. Price history shows low recent volatility and no pre-sale inflation spike.
d42067f653fe816e1fbb3eb5b7b9e47f,2025-12-17,973.46,Genuine Discount,259.0817066158661,GENUINE: The price is 43.7% lower than the 90-day average. Price history shows low recent volatility and no pre-sale inflation spike.
d447a50211d5e0246ccbb3212cc2b8de,2025-12-17,1915.4,Suspicious Discount,564.9492639777411,SUSPICIOUS: Anomaly score (-0.01) is low. The current price is an outlier compared to the product's history.
d4684dcdc759dd9cdf41504698d737d8,2025-12-17,1317.77,Genuine Discount,256.7611803475261,GENUINE: The price is 41.4% lower than the 90-day average. Price history shows low recent volatility and no pre-sale inflation spike.
d620fa0d35825bb3c0717e9d3446cc97,2025-12-17,710.67,Genuine Discount,127.94799052964139,GENUINE: The price is 39.5% lower than the 90-day average. Price history shows low recent volatility and no pre-sale inflation spike.
d6769423b5a242f243dfac15cf2c099b,2025-12-17,1088.48,Genuine Discount,306.6241813319212,GENUINE: The price is 44.9% lower than the 90-day average. Price history shows low recent volatility and no pre-sale inflation spike.
d6883e16c9863a8d09a42c0d06afd7ae,2025-12-17,28640.24,Genuine Discount,138.31036856146304,GENUINE: The price is 1.2% lower than the 90-day average. Price history shows low recent volatility and no pre-sale inflation spike.
d6a4b62067d04cab8397e76e01656d0a,2025-12-17,3197.48,Genuine Discount,517.0240774936634,GENUINE: The price is 37.3% lower than the 90-day average. Price history shows low recent volatility and no pre-sale inflation spike.
d6abf5d1b5dd2dd4a625112c2054aa26,2025-12-17,336.1,Suspicious Discount,139.4609020004581,SUSPICIOUS: Anomaly score (-0.02) is low. The current price is an outlier compared to the product's history.
d6eb521acd9de24c5c3faded2831620a,2025-12-17,3165.78,Genuine Discount,187.20085054944443,GENUINE: The price is 17.9% lower than the 90-day average. Price history shows low recent volatility and no pre-sale inflation spike.
d7ca2b06b4f4d3b98c61c377b18a2d6b,2025-12-17,1217.06,Genuine Discount,111.67158618431172,GENUINE: The price is 24.2% lower than the 90-day average. Price history shows low recent volatility and no pre-sale inflation spike.
d8dfa5cfc972119fb2fb7ed330b8be54,2025-12-17,886.17,Genuine Discount,154.91942980662375,GENUINE: The price is 30.1% lower than the 90-day average. Price history shows low recent volatility and no pre-sale inflation spike.
d95b0456a0350bc42f2393c6e84b0f09,2025-12-17,376.02,Suspicious Discount,113.46429825097675,SUSPICIOUS: Anomaly score (-0.03) is low. The current price is an outlier compared to the product's history.
d988dbb10d54671d92c98e61129399c0,2025-12-17,349.64,Suspicious Discount,188.0807306503048,SUSPICIOUS: Anomaly score (-0.03) is low. The current price is an outlier compared to the product's history.
da1708ea7bc596fd298546edef0bccfc,2025-12-17,1708.57,Genuine Discount,312.0058017320934,GENUINE: The price is 30.2% lower than the 90-day average. Price history shows low recent volatility and no pre-sale inflation spike.
da9e88f44d938a63290cec6ab8bb1871,2025-12-17,2072.72,Genuine Discount,168.95606194660547,GENUINE: The price is 12.7% lower than the 90-day average. Price history shows low recent volatility and no pre-sale inflation spike.
dc279725fe71b76a7866c14ae220a6d9,2025-12-17,499.82,Genuine Discount,2.7489489945636896,GENUINE: The price is -0.2% lower than the 90-day average. Price history shows low recent volatility and no pre-sale inflation spike.
dc2ea06f188cfc21a44ad087ab7cbfdf,2025-12-17,1571.83,Genuine Discount,237.07509547550697,GENUINE: The price is 35.5% lower than the 90-day average. Price history shows low recent volatility and no pre-sale inflation spike.
dd0e3470a7e6ed76fd69c2da27721041,2025-12-17,401.73,Suspicious Discount,151.25493109279049,SUSPICIOUS: Anomaly score (-0.00) is low. The current price is an outlier compared to the product's history.
dd7133ff8a169bef643f69e8d77bcde8,2025-12-17,1866.22,Genuine Discount,436.1218031545676,GENUINE: The price is 46.1% lower than the 90-day average. Price history shows low recent volatility and no pre-sale inflation spike.
ddd03678e70bb07350606c8983df35d4,2025-12-17,36542.23,Suspicious Discount,1320.7391285093333,SUSPICIOUS: Anomaly score (-0.04) is low. The current price is an outlier compared to the product's history.
de9c564d1a29a3dc35754bceb9f8baa8,2025-12-17,1885.85,Genuine Discount,730.5476452291769,GENUINE: The price is 52.5% lower than the 90-day average. Price history shows low recent volatility and no pre-sale inflation spike.
dee64864c0419bec80fbbb94d19bc40d,2025-12-17,396.39,Suspicious Discount,172.57382905202843,SUSPICIOUS: Anomaly score (-0.00) is low. The current price is an outlier compared to the product's history.
dfa536b435f093dc6ad6f1d5094eb726,2025-12-17,1707.2,Genuine Discount,539.2636527626707,GENUINE: The price is 46.2% lower than the 90-day average. Price history shows low recent volatility and no pre-sale inflation spike.
dff9da1046a392d71cca8bfb3e1f647e,2025-12-17,2300.23,Genuine Discount,13.37089051273137,GENUINE: The price is -0.2% lower than the 90-day average. Price history shows low recent volatility and no pre-sale inflation spike.
e0848a26ab3e667c434fd435619e5ea9,2025-12-17,499.46,Suspicious Discount,199.03618615286132,SUSPICIOUS: Anomaly score (-0.07) is low. The current price is an outlier compared to the product's history.
e0a3585aa6424706c5b3fafd9d72a84e,2025-12-17,2250.82,Genuine Discount,222.12108446448218,GENUINE: The price is 27.5% lower than the 90-day average. Price history shows low recent volatility and no pre-sale inflation spike.
e0f0808a8985bf1de9449f7ff544bab6,2025-12-17,985.94,Genuine Discount,202.83377920975832,GENUINE: The price is 43.4% lower than the 90-day average. Price history shows low recent volatility and no pre-sale inflation spike.
e0f0e5d360b14e137e5b438cd99f5849,2025-12-17,598.94,Suspicious Discount,198.82922333749133,SUSPICIOUS: Anomaly score (-0.04) is low. The current price is an outlier compared to the product's history.
e160675a10e0ecdf05e0d33f5a5f6da9,2025-12-17,2641.09,Genuine Discount,12.572506315665985,GENUINE: The price is 0.3% lower than the 90-day average. Price history shows low recent volatility and no pre-sale inflation spike.
e18aace92fadededb348d8488931a1e2,2025-12-17,3199.95,Genuine Discount,386.99273575545277,GENUINE: The price is 23.5% lower than the 90-day average. Price history shows low recent volatility and no pre-sale inflation spike.
e2cb21630dd11ca5f935830f4a8d1bb2,2025-12-17,612.54,Suspicious Discount,400.6760634149283,SUSPICIOUS: Anomaly score (-0.06) is low. The current price is an outlier compared to the product's history.
e44d8aafc787cea6c851bb01ae2c704e,2025-12-17,545.6,Genuine Discount,163.2125170504821,GENUINE: The price is 45.0% lower than the 90-day average. Price history shows low recent volatility and no pre-sale inflation spike.
e48133816aeb071339fcb03b9e8c0c32,2025-12-17,492.57,Suspicious Discount,92.38271885533331,SUSPICIOUS: Anomaly score (-0.00) is low. The current price is an outlier compared to the product's history.
e4bbb98fc9386ffe75ef4d39e11c10f3,2025-12-17,12582.74,Genuine Discount,65.07039593491015,GENUINE: The price is -0.7% lower than the 90-day average. Price history shows low recent volatility and no pre-sale inflation spike.
e528bc66d53b8e1d8196da5b20f045ab,2025-12-17,2116.96,Genuine Discount,8.933123560755723,GENUINE: The price is -0.8% lower than the 90-day average. Price history shows low recent volatility and no pre-sale inflation spike.
e52f90f908db98de5f78645ccf03024c,2025-12-17,591.89,Genuine Discount,155.22897674155755,GENUINE: The price is 41.5% lower than the 90-day average. Price history shows low recent volatility and no pre-sale inflation spike.
e54bc0a7c3429da2ebef0b30331fe3d2,2025-12-17,948.58,Genuine Discount,142.42354242625117,GENUINE: The price is 35.7% lower than the 90-day average. Price history shows low recent volatility and no pre-sale inflation spike.
e6aa835f620db985ee4389b63ef166ad,2025-12-17,5016.32,Suspicious Discount,893.2759975674552,SUSPICIOUS: Anomaly score (-0.01) is low. The current price is an outlier compared to the product's history.
e700d9bcf30a1be23a476ca0245865da,2025-12-17,1703.55,Genuine Discount,368.5314659152606,GENUINE: The price is 36.9% lower than the 90-day average. Price history shows low recent volatility and no pre-sale inflation spike.
e71017e224688489edfe856f2308806d,2025-12-17,701.02,Genuine Discount,96.48370102125612,GENUINE: The price is 26.4% lower than the 90-day average. Price history shows low recent volatility and no pre-sale inflation spike.
e8194d7d46690b12ac80bb75ecca3b05,2025-12-17,1324.59,Genuine Discount,176.51677693993994,GENUINE: The price is 21.4% lower than the 90-day average. Price history shows low recent volatility and no pre-sale inflation spike.
e920cf23fa55a8c5538d65b5f0dcfd33,2025-12-17,795.52,Genuine Discount,297.89083486497333,GENUINE: The price is 50.8% lower than the 90-day average. Price history shows low recent volatility and no pre-sale inflation spike.
e9714c49af6cbda0022923106a6f8bea,2025-12-17,789.78,Genuine Discount,73.43521718955768,GENUINE: The price is 26.1% lower than the 90-day average. Price history shows low recent volatility and no pre-sale inflation spike.
e98fed4f44ec6c5f185a80f8cdd898bb,2025-12-17,944.75,Genuine Discount,14.455688392339834,GENUINE: The price is 5.6% lower than the 90-day average. Price history shows low recent volatility and no pre-sale inflation spike.
e99e80733881ed8418dc2510061b2cfa,2025-12-17,397.54,Genuine Discount,18.406148551034608,GENUINE: The price is 15.0% lower than the 90-day average. Price history shows low recent volatility and no pre-sale inflation spike.
e9a27ff8a97baeafe5eca5d85650bf14,2025-12-17,397.93,Suspicious Discount,47.86673605636525,SUSPICIOUS: Anomaly score (-0.01) is low. The current price is an outlier compared to the product's history.
e9eb010ed8313f65f0e049fc3fcffe87,2025-12-17,1412.27,Genuine Discount,162.19802469458546,GENUINE: The price is 29.8% lower than the 90-day average. Price history shows low recent volatility and no pre-sale inflation spike.
ea2406dc597bee2abb6b867fa668501f,2025-12-17,836.77,Genuine Discount,28.67980843048434,GENUINE: The price is 11.7% lower than the 90-day average. Price history shows low recent volatility and no pre-sale inflation spike.
ea91e47cac68b132887d7fc1175e91c2,2025-12-17,2491.97,Genuine Discount,126.38219427729074,GENUINE: The price is 16.2% lower than the 90-day average. Price history shows low recent volatility and no pre-sale inflation spike.
eae96eb20ef0f1cb1c6897a01906c54c,2025-12-17,5515.88,Genuine Discount,26.910118177831787,GENUINE: The price is -0.3% lower than the 90-day average. Price history shows low recent volatility and no pre-sale inflation spike.
eb4f1bcaca52402bc2ec1a93dce85013,2025-12-17,146.26,Suspicious Discount,46.69072193763543,SUSPICIOUS: Anomaly score (-0.05) is low. The current price is an outlier compared to the product's history.
eb7148dc532ca3a71f0c88fe1d617b4d,2025-12-17,1339.11,Genuine Discount,371.7187922673751,GENUINE: The price is 51.2% lower than the 90-day average. Price history shows low recent volatility and no pre-sale inflation spike.
ec38ef14321446e15312ebda18162c78,2025-12-17,1504.55,Genuine Discount,366.4911293510272,GENUINE: The price is 41.6% lower than the 90-day average. Price history shows low recent volatility and no pre-sale inflation spike.
ec45690035642743c94f24fd34aa50f2,2025-12-17,1290.86,Genuine Discount,464.78409251470066,GENUINE: The price is 49.3% lower than the 90-day average. Price history shows low recent volatility and no pre-sale inflation spike.
ec97a8e16f5cc45a7de79041ce6dda0b,2025-12-17,794.43,Genuine Discount,3.9193287602642264,GENUINE: The price is 0.6% lower than the 90-day average. Price history shows low recent volatility and no pre-sale inflation spike.
eca609c78e79ab510dc43cffeef22cc2,2025-12-17,601.95,Genuine Discount,112.73381242921643,GENUINE: The price is 40.2% lower than the 90-day average. Price history shows low recent volatility and no pre-sale inflation spike.
eccf4762ad1de490f8de6f13ad7365c9,2025-12-17,592.91,Genuine Discount,2.210843080464543,GENUINE: The price is 1.0% lower than the 90-day average. Price history shows low recent volatility and no pre-sale inflation spike.
ecff61d66f90aebfbad9aca7932d60fe,2025-12-17,1793.68,Genuine Discount,537.4100270915139,GENUINE: The price is 44.4% lower than the 90-day average. Price history shows low recent volatility and no pre-sale inflation spike.
ee140a256905838a01bbebe919330536,2025-12-17,1398.9,Genuine Discount,6.138029083873735,GENUINE: The price is 0.0% lower than the 90-day average. Price history shows low recent volatility and no pre-sale inflation spike.
ee383a337af67ae8ad4f42714d67ddaf,2025-12-17,498.76,Genuine Discount,156.921456604853,GENUINE: The price is 45.7% lower than the 90-day average. Price history shows low recent volatility and no pre-sale inflation spike.
ee5549ea34672eb313d4c5e2c04d8a30,2025-12-17,7797.74,Genuine Discount,87.93934523817906,GENUINE: The price is 3.2% lower than the 90-day average. Price history shows low recent volatility and no pre-sale inflation spike.
ee8d9ff65e0fe4278afce7c933d30941,2025-12-17,943.7,Genuine Discount,217.72535960747163,GENUINE: The price is 46.5% lower than the 90-day average. Price history shows low recent volatility and no pre-sale inflation spike.
ef23af49bf28973866e3b39bab1658a8,2025-12-17,1195.53,Genuine Discount,328.31527944897164,GENUINE: The price is 50.5% lower than the 90-day average. Price history shows low recent volatility and no pre-sale inflation spike.
eff607ce599e3838eb6c59924ef228c6,2025-12-17,339.06,Suspicious Discount,165.3800517164843,SUSPICIOUS: Anomaly score (-0.04) is low. The current price is an outlier compared to the product's history.
f04b7e56a6053c465aa03994ae749fba,2025-12-17,4961.23,Suspicious Discount,667.3095008986022,SUSPICIOUS: Anomaly score (-0.01) is low. The current price is an outlier compared to the product's history.
f0ddd7ea1e184721acac4cb9a21e77b3,2025-12-17,635.95,Genuine Discount,288.62245835481787,GENUINE: The price is 55.4% lower than the 90-day average. Price history shows low recent volatility and no pre-sale inflation spike.
f1c0ff9c0a038fe4164bb013a80de8ad,2025-12-17,734.66,Suspicious Discount,195.26112212453984,SUSPICIOUS: Anomaly score (-0.01) is low. The current price is an outlier compared to the product's history.
f292c544825690b4f64504befa2875e6,2025-12-17,950.85,Genuine Discount,31.634093467975408,GENUINE: The price is 10.8% lower than the 90-day average. Price history shows low recent volatility and no pre-sale inflation spike.
f355cc1ccb08bd0d283ed979b7ee7515,2025-12-17,447.4,Suspicious Discount,117.39457482275486,SUSPICIOUS: Anomaly score (-0.01) is low. The current price is an outlier compared to the product's history.
f359bb13673c61ddd24664dee5f79d44,2025-12-17,588.76,Suspicious Discount,114.2335414081272,SUSPICIOUS: Anomaly score (-0.00) is low. The current price is an outlier compared to the product's history.
f35f27525ab8f5988d3817ee9bb02ce1,2025-12-17,100.19,Genuine Discount,1.8211703954311418,GENUINE: The price is 6.2% lower than the 90-day average. Price history shows low recent volatility and no pre-sale inflation spike.
f3b806b1a2b8ab38869a784b09bd716e,2025-12-17,964.74,Genuine Discount,43.167469910865464,GENUINE: The price is 14.5% lower than the 90-day average. Price history shows low recent volatility and no pre-sale inflation spike.
f3f092f640f006da8346819a4423e67d,2025-12-17,32959.06,Suspicious Discount,4384.36417774906,SUSPICIOUS: Anomaly score (-0.14) is low. The current price is an outlier compared to the product's history.
f3ff4d066fa5290970f46762caa5c73a,2025-12-17,929.33,Genuine Discount,269.506312629467,GENUINE: The price is 44.6% lower than the 90-day average. Price history shows low recent volatility and no pre-sale inflation spike.
f449ec65dcbc041b6ae5e6a32717d01b,2025-12-17,497.72,Genuine Discount,160.45183865084294,GENUINE: The price is 46.0% lower than the 90-day average. Price history shows low recent volatility and no pre-sale inflation spike.
f536523ba2d7a9bdcf8c2dbb4adeaa88,2025-12-17,1307.58,Genuine Discount,6.655876402822546,GENUINE: The price is -0.7% lower than the 90-day average. Price history shows low recent volatility and no pre-sale inflation spike.
f53e7a8aaa0889f82c7465fe725eea1e,2025-12-17,30912.65,Genuine Discount,123.30565141656997,GENUINE: The price is 0.4% lower than the 90-day average. Price history shows low recent volatility and no pre-sale inflation spike.
f595f5850d12bb0eb5ae39d9a7b848e1,2025-12-17,1893.01,Genuine Discount,9.674422706944748,GENUINE: The price is 0.3% lower than the 90-day average. Price history shows low recent volatility and no pre-sale inflation spike.
f5b22eaa5f79e67209612997f4aa215d,2025-12-17,1852.84,Suspicious Discount,1212.1403661445243,SUSPICIOUS: Anomaly score (-0.11) is low. The current price is an outlier compared to the product's history.
f5b56b74cab686a72d10d5fd212fb81e,2025-12-17,260.99,Suspicious Discount,421.0675197038381,SUSPICIOUS: Anomaly score (-0.15) is low. The current price is an outlier compared to the product's history.
f5edb6f2171b384ce99a71e52f0a64c9,2025-12-17,1911.24,Genuine Discount,396.1164825260982,GENUINE: The price is 36.0% lower than the 90-day average. Price history shows low recent volatility and no pre-sale inflation spike.
f6ae9e271a1d4469b4f41124e001e1cc,2025-12-17,1490.48,Genuine Discount,7.043448288523609,GENUINE: The price is 0.6% lower than the 90-day average. Price history shows low recent volatility and no pre-sale inflation spike.
f74476ba64365d97a5be7d375cbf4c7a,2025-12-17,600.75,Genuine Discount,2.376777713386414,GENUINE: The price is -0.0% lower than the 90-day average. Price history shows low recent volatility and no pre-sale inflation spike.
f751d8e5d9b830e051165a9f09cf0acf,2025-12-17,1303.01,Genuine Discount,6.251272606070114,GENUINE: The price is -0.3% lower than the 90-day average. Price history shows low recent volatility and no pre-sale inflation spike.
f7bbd530495c4174565943bde3b891ce,2025-12-17,9567.26,Genuine Discount,43.81752079106731,GENUINE: The price is -0.8% lower than the 90-day average. Price history shows low recent volatility and no pre-sale inflation spike.
f7e634a0ac92e2b2c4243d6dae2bfc25,2025-12-17,938.19,Genuine Discount,300.81706505781665,GENUINE: The price is 46.4% lower than the 90-day average. Price history shows low recent volatility and no pre-sale inflation spike.
f80ba21b9e77fe3a4d0e944f86305f8d,2025-12-17,2626.37,Genuine Discount,503.8175681276011,GENUINE: The price is 41.6% lower than the 90-day average. Price history shows low recent volatility and no pre-sale inflation spike.
f8be073ac46a6a483b3b4216224fcd99,2025-12-17,394.77,Suspicious Discount,74.48653907242925,SUSPICIOUS: Anomaly score (-0.01) is low. The current price is an outlier compared to the product's history.
f95b98fb80f07e617f155524467d25c3,2025-12-17,1046.13,Genuine Discount,232.48524453709376,GENUINE: The price is 36.2% lower than the 90-day average. Price history shows low recent volatility and no pre-sale inflation spike.
f9cfba716a28cc866d93111218e82908,2025-12-17,1344.47,Genuine Discount,8.200718422411464,GENUINE: The price is 0.4% lower than the 90-day average. Price history shows low recent volatility and no pre-sale inflation spike.
f9f9723a6117697f96b0f8c59f1292cb,2025-12-17,892.36,Suspicious Discount,418.7028235753894,SUSPICIOUS: Anomaly score (-0.01) is low. The current price is an outlier compared to the product's history.
fabe2ce4a6b7510fa1bac6922156ab7b,2025-12-17,505.85,Genuine Discount,143.0530678643497,GENUINE: The price is 43.8% lower than the 90-day average. Price history shows low recent volatility and no pre-sale inflation spike.
fb2392b67efbdcd335221c79b880f303,2025-12-17,636.51,Genuine Discount,271.0971837621948,GENUINE: The price is 54.7% lower than the 90-day average. Price history shows low recent volatility and no pre-sale inflation spike.
fb5a9da340b7910d4e0802c9aee1f4b9,2025-12-17,593.23,Genuine Discount,179.41715842067012,GENUINE: The price is 45.3% lower than the 90-day average. Price history shows low recent volatility and no pre-sale inflation spike.
fb6e9a2a739b21ac7291d559156d3acd,2025-12-17,243.34,Suspicious Discount,137.3726928062882,SUSPICIOUS: Anomaly score (-0.11) is low. The current price is an outlier compared to the product's history.
fbf96347f0c35de034e8c2b9c6b5740c,2025-12-17,297.67,Suspicious Discount,220.80935312523567,SUSPICIOUS: Anomaly score (-0.10) is low. The current price is an outlier compared to the product's history.
fc69831b78bfcc3eb4bdd3afa1c9bdaf,2025-12-17,2139.7,Genuine Discount,653.4153201592651,GENUINE: The price is 46.0% lower than the 90-day average. Price history shows low recent volatility and no pre-sale inflation spike.
fce3d01210868fa4f281b0e55d40b7a0,2025-12-17,2030.55,Genuine Discount,529.0156096105449,GENUINE: The price is 42.9% lower than the 90-day average. Price history shows low recent volatility and no pre-sale inflation spike.
fd2fed517efb6e4c9824eb12e436d19b,2025-12-17,346.2,Genuine Discount,1.6430504641021026,GENUINE: The price is 1.2% lower than the 90-day average. Price history shows low recent volatility and no pre-sale inflation spike.
fd41178d3e845364fce52914580fd852,2025-12-17,588.79,Suspicious Discount,199.93307157876228,SUSPICIOUS: Anomaly score (-0.04) is low. The current price is an outlier compared to the product's history.
fd45231fc38840f764d1c35bb8526d07,2025-12-17,1899.55,Genuine Discount,10.539614297507617,GENUINE: The price is -0.1% lower than the 90-day average. Price history shows low recent volatility and no pre-sale inflation spike.
fda50982a672ef8835de5c1cc86f8bfc,2025-12-17,993.32,Genuine Discount,42.524762691336186,GENUINE: The price is 15.1% lower than the 90-day average. Price history shows low recent volatility and no pre-sale inflation spike.
fda7cf99231911725aee46d57ce8e6c3,2025-12-17,2001.73,Genuine Discount,10.504828752837653,GENUINE: The price is -0.4% lower than the 90-day average. Price history shows low recent volatility and no pre-sale inflation spike.
fe0641da3a28bc42a1cc7dbf45178644,2025-12-17,492.62,Suspicious Discount,544.4359846837131,SUSPICIOUS: Anomaly score (-0.14) is low. The current price is an outlier compared to the product's history.
fe7d5218895438b3f791e77d801f2128,2025-12-17,341.08,Suspicious Discount,65.57439075049841,SUSPICIOUS: Anomaly score (-0.01) is low. The current price is an outlier compared to the product's history.
feb1e09790d2e4ed3c7a2f340b29b5d2,2025-12-17,851.53,Genuine Discount,210.79573473541737,GENUINE: The price is 47.8% lower than the 90-day average. Price history shows low recent volatility and no pre-sale inflation spike.
ff1a8e7edc438d81753fb1d1e961072a,2025-12-17,1273.76,Genuine Discount,268.3284604200272,GENUINE: The price is 45.0% lower than the 90-day average. Price history shows low recent volatility and no pre-sale inflation spike.
ff315b50dc07e7917a261544f0feb063,2025-12-17,1022.24,Genuine Discount,160.51739036698862,GENUINE: The price is 36.8% lower than the 90-day average. Price history shows low recent volatility and no pre-sale inflation spike.
ffd548198da759cf2e16b1f0956a25b5,2025-12-17,977.87,Genuine Discount,222.18424147851107,GENUINE: The price is 45.8% lower than the 90-day average. Price history shows low recent volatility and no pre-sale inflation spike.
